ANO;NIVEL;NIVEL_DSG;RESIDENT;cod
2011;8;Subsecção;60;13120100101
2011;8;Subsecção;244;13120100102
2011;8;Subsecção;351;13120100103
2011;8;Subsecção;47;13120100104
2011;8;Subsecção;343;13120100105
2011;8;Subsecção;20;13120100201
2011;8;Subsecção;95;13120100202
2011;8;Subsecção;73;13120100203
2011;8;Subsecção;101;13120100204
2011;8;Subsecção;28;13120100205
2011;8;Subsecção;302;13120100206
2011;8;Subsecção;125;13120100301
2011;8;Subsecção;71;13120100302
2011;8;Subsecção;69;13120100303
2011;8;Subsecção;48;13120100304
2011;8;Subsecção;53;13120100305
2011;8;Subsecção;60;13120100306
2011;8;Subsecção;36;13120100307
2011;8;Subsecção;158;13120100401
2011;8;Subsecção;111;13120100402
2011;8;Subsecção;267;13120100403
2011;8;Subsecção;108;13120100404
2011;8;Subsecção;225;13120100501
2011;8;Subsecção;0;13120100502
2011;8;Subsecção;224;13120100503
2011;8;Subsecção;79;13120100504
2011;8;Subsecção;49;13120100505
2011;8;Subsecção;179;13120100506
2011;8;Subsecção;233;13120100601
2011;8;Subsecção;162;13120100602
2011;8;Subsecção;171;13120100603
2011;8;Subsecção;97;13120100604
2011;8;Subsecção;222;13120100701
2011;8;Subsecção;137;13120100702
2011;8;Subsecção;237;13120100703
2011;8;Subsecção;10;13120100704
2011;8;Subsecção;35;13120100705
2011;8;Subsecção;132;13120100801
2011;8;Subsecção;157;13120100802
2011;8;Subsecção;99;13120100803
2011;8;Subsecção;65;13120100804
2011;8;Subsecção;155;13120100805
2011;8;Subsecção;44;13120100901
2011;8;Subsecção;372;13120100902
2011;8;Subsecção;124;13120100903
2011;8;Subsecção;0;13120100904
2011;8;Subsecção;210;13120101001
2011;8;Subsecção;87;13120101002
2011;8;Subsecção;259;13120101003
2011;8;Subsecção;97;13120101004
2011;8;Subsecção;71;13120101005
2011;8;Subsecção;0;13120101006
2011;8;Subsecção;80;13120101007
2011;8;Subsecção;243;13120101101
2011;8;Subsecção;69;13120101102
2011;8;Subsecção;355;13120101103
2011;8;Subsecção;134;13120101201
2011;8;Subsecção;199;13120101202
2011;8;Subsecção;93;13120101203
2011;8;Subsecção;96;13120101204
2011;8;Subsecção;58;13120101205
2011;8;Subsecção;60;13120101206
2011;8;Subsecção;83;13120101301
2011;8;Subsecção;288;13120101302
2011;8;Subsecção;100;13120101303
2011;8;Subsecção;97;13120101304
2011;8;Subsecção;53;13120101305
2011;8;Subsecção;38;13120101306
2011;8;Subsecção;55;13120101307
2011;8;Subsecção;152;13120101401
2011;8;Subsecção;261;13120101402
2011;8;Subsecção;95;13120101403
2011;8;Subsecção;117;13120101404
2011;8;Subsecção;431;13120101501
2011;8;Subsecção;211;13120101502
2011;8;Subsecção;0;13120101503
2011;8;Subsecção;127;13120101504
2011;8;Subsecção;65;13120101505
2011;8;Subsecção;77;13120101506
2011;8;Subsecção;90;13120101601
2011;8;Subsecção;49;13120101602
2011;8;Subsecção;49;13120101603
2011;8;Subsecção;123;13120101604
2011;8;Subsecção;26;13120101605
2011;8;Subsecção;77;13120101606
2011;8;Subsecção;224;13120101607
2011;8;Subsecção;95;13120101608
2011;8;Subsecção;48;13120101701
2011;8;Subsecção;165;13120101702
2011;8;Subsecção;28;13120101703
2011;8;Subsecção;74;13120101704
2011;8;Subsecção;116;13120101705
2011;8;Subsecção;20;13120101706
2011;8;Subsecção;132;13120101707
2011;8;Subsecção;375;13120101801
2011;8;Subsecção;136;13120101802
2011;8;Subsecção;303;13120101901
2011;8;Subsecção;237;13120101902
2011;8;Subsecção;91;13120101903
2011;8;Subsecção;46;13120101904
2011;8;Subsecção;415;13120200101
2011;8;Subsecção;40;13120200102
2011;8;Subsecção;35;13120200103
2011;8;Subsecção;73;13120200104
2011;8;Subsecção;41;13120200105
2011;8;Subsecção;43;13120200106
2011;8;Subsecção;19;13120200107
2011;8;Subsecção;25;13120200201
2011;8;Subsecção;58;13120200202
2011;8;Subsecção;0;13120200203
2011;8;Subsecção;40;13120200204
2011;8;Subsecção;25;13120200205
2011;8;Subsecção;102;13120200206
2011;8;Subsecção;0;13120200207
2011;8;Subsecção;54;13120200208
2011;8;Subsecção;21;13120200209
2011;8;Subsecção;214;13120200210
2011;8;Subsecção;137;13120200301
2011;8;Subsecção;199;13120200302
2011;8;Subsecção;492;13120200401
2011;8;Subsecção;142;13120200501
2011;8;Subsecção;97;13120200502
2011;8;Subsecção;147;13120200503
2011;8;Subsecção;138;13120200504
2011;8;Subsecção;74;13120200601
2011;8;Subsecção;73;13120200602
2011;8;Subsecção;65;13120200603
2011;8;Subsecção;58;13120200604
2011;8;Subsecção;34;13120200605
2011;8;Subsecção;133;13120200606
2011;8;Subsecção;177;13120200607
2011;8;Subsecção;13;13120200608
2011;8;Subsecção;79;13120200609
2011;8;Subsecção;275;13120200701
2011;8;Subsecção;345;13120200702
2011;8;Subsecção;100;13120200703
2011;8;Subsecção;145;13120200801
2011;8;Subsecção;223;13120200802
2011;8;Subsecção;14;13120200803
2011;8;Subsecção;505;13120200901
2011;8;Subsecção;339;13120200902
2011;8;Subsecção;296;13120201001
2011;8;Subsecção;58;13120201002
2011;8;Subsecção;218;13120201003
2011;8;Subsecção;437;13120201101
2011;8;Subsecção;261;13120201201
2011;8;Subsecção;330;13120201202
2011;8;Subsecção;505;13120201301
2011;8;Subsecção;116;13120201401
2011;8;Subsecção;171;13120201402
2011;8;Subsecção;77;13120201403
2011;8;Subsecção;151;13120201501
2011;8;Subsecção;186;13120201502
2011;8;Subsecção;41;13120201503
2011;8;Subsecção;0;13120201601
2011;8;Subsecção;334;13120201602
2011;8;Subsecção;164;13120201603
2011;8;Subsecção;216;13120201701
2011;8;Subsecção;41;13120201702
2011;8;Subsecção;209;13120201703
2011;8;Subsecção;142;13120201801
2011;8;Subsecção;306;13120201802
2011;8;Subsecção;147;13120201901
2011;8;Subsecção;195;13120201902
2011;8;Subsecção;40;13120201903
2011;8;Subsecção;524;13120202001
2011;8;Subsecção;341;13120202101
2011;8;Subsecção;48;13120202102
2011;8;Subsecção;79;13120202201
2011;8;Subsecção;178;13120202202
2011;8;Subsecção;192;13120202203
2011;8;Subsecção;427;13120202301
2011;8;Subsecção;42;13120202302
2011;8;Subsecção;59;13120202303
2011;8;Subsecção;415;13120202401
2011;8;Subsecção;162;13120202501
2011;8;Subsecção;403;13120202502
2011;8;Subsecção;223;13120202601
2011;8;Subsecção;78;13120202602
2011;8;Subsecção;45;13120202603
2011;8;Subsecção;34;13120202604
2011;8;Subsecção;79;13120202605
2011;8;Subsecção;315;13120202701
2011;8;Subsecção;18;13120202702
2011;8;Subsecção;273;13120202703
2011;8;Subsecção;167;13120202801
2011;8;Subsecção;182;13120202802
2011;8;Subsecção;82;13120202901
2011;8;Subsecção;196;13120202902
2011;8;Subsecção;34;13120202903
2011;8;Subsecção;177;13120202904
2011;8;Subsecção;93;13120202905
2011;8;Subsecção;233;13120203001
2011;8;Subsecção;261;13120203002
2011;8;Subsecção;121;13120203101
2011;8;Subsecção;428;13120203102
2011;8;Subsecção;25;13120203103
2011;8;Subsecção;6;13120203201
2011;8;Subsecção;492;13120203202
2011;8;Subsecção;154;13120203301
2011;8;Subsecção;423;13120203302
2011;8;Subsecção;2;13120203303
2011;8;Subsecção;94;13120203401
2011;8;Subsecção;222;13120203402
2011;8;Subsecção;99;13120203403
2011;8;Subsecção;308;13120203501
2011;8;Subsecção;86;13120203502
2011;8;Subsecção;253;13120203601
2011;8;Subsecção;337;13120203602
2011;8;Subsecção;188;13120203701
2011;8;Subsecção;102;13120203702
2011;8;Subsecção;118;13120203703
2011;8;Subsecção;366;13120203801
2011;8;Subsecção;81;13120203802
2011;8;Subsecção;61;13120203901
2011;8;Subsecção;131;13120203902
2011;8;Subsecção;194;13120203903
2011;8;Subsecção;336;13120204001
2011;8;Subsecção;197;13120204002
2011;8;Subsecção;75;13120204003
2011;8;Subsecção;19;13120204101
2011;8;Subsecção;53;13120204102
2011;8;Subsecção;61;13120204103
2011;8;Subsecção;165;13120204104
2011;8;Subsecção;125;13120204105
2011;8;Subsecção;108;13120204201
2011;8;Subsecção;27;13120204202
2011;8;Subsecção;127;13120204203
2011;8;Subsecção;129;13120204204
2011;8;Subsecção;102;13120204205
2011;8;Subsecção;117;13120204206
2011;8;Subsecção;215;13120204301
2011;8;Subsecção;91;13120204302
2011;8;Subsecção;77;13120204303
2011;8;Subsecção;0;13120204304
2011;8;Subsecção;129;13120204401
2011;8;Subsecção;94;13120204402
2011;8;Subsecção;103;13120204403
2011;8;Subsecção;135;13120204404
2011;8;Subsecção;65;13120204501
2011;8;Subsecção;96;13120204502
2011;8;Subsecção;0;13120204503
2011;8;Subsecção;22;13120204504
2011;8;Subsecção;342;13120204601
2011;8;Subsecção;147;13120204602
2011;8;Subsecção;126;13120204701
2011;8;Subsecção;184;13120204702
2011;8;Subsecção;56;13120204703
2011;8;Subsecção;655;13120204801
2011;8;Subsecção;0;13120204901
2011;8;Subsecção;458;13120204902
2011;8;Subsecção;128;13120204903
2011;8;Subsecção;96;13120300101
2011;8;Subsecção;90;13120300102
2011;8;Subsecção;85;13120300103
2011;8;Subsecção;33;13120300104
2011;8;Subsecção;36;13120300105
2011;8;Subsecção;45;13120300106
2011;8;Subsecção;181;13120300201
2011;8;Subsecção;304;13120300202
2011;8;Subsecção;32;13120300203
2011;8;Subsecção;70;13120300204
2011;8;Subsecção;5;13120300205
2011;8;Subsecção;27;13120300301
2011;8;Subsecção;0;13120300302
2011;8;Subsecção;51;13120300303
2011;8;Subsecção;0;13120300304
2011;8;Subsecção;0;13120300305
2011;8;Subsecção;0;13120300306
2011;8;Subsecção;0;13120300307
2011;8;Subsecção;27;13120300308
2011;8;Subsecção;40;13120300309
2011;8;Subsecção;4;13120300310
2011;8;Subsecção;99;13120300401
2011;8;Subsecção;7;13120300402
2011;8;Subsecção;47;13120300403
2011;8;Subsecção;29;13120300404
2011;8;Subsecção;73;13120300405
2011;8;Subsecção;62;13120300406
2011;8;Subsecção;20;13120300407
2011;8;Subsecção;18;13120300408
2011;8;Subsecção;19;13120300409
2011;8;Subsecção;76;13120300410
2011;8;Subsecção;32;13120300411
2011;8;Subsecção;42;13120300412
2011;8;Subsecção;57;13120300501
2011;8;Subsecção;217;13120300502
2011;8;Subsecção;223;13120300503
2011;8;Subsecção;599;13120300601
2011;8;Subsecção;53;13120300602
2011;8;Subsecção;73;13120300701
2011;8;Subsecção;11;13120300702
2011;8;Subsecção;0;13120300703
2011;8;Subsecção;48;13120300704
2011;8;Subsecção;257;13120300705
2011;8;Subsecção;66;13120300706
2011;8;Subsecção;65;13120300707
2011;8;Subsecção;13;13120300708
2011;8;Subsecção;26;13120300709
2011;8;Subsecção;219;13120300710
2011;8;Subsecção;0;13120300801
2011;8;Subsecção;44;13120300802
2011;8;Subsecção;83;13120300803
2011;8;Subsecção;15;13120300804
2011;8;Subsecção;25;13120300805
2011;8;Subsecção;21;13120300806
2011;8;Subsecção;7;13120300807
2011;8;Subsecção;315;13120300808
2011;8;Subsecção;37;13120300809
2011;8;Subsecção;174;13120300901
2011;8;Subsecção;361;13120300902
2011;8;Subsecção;361;13120300903
2011;8;Subsecção;114;13120300904
2011;8;Subsecção;17;13120301001
2011;8;Subsecção;60;13120301002
2011;8;Subsecção;66;13120301003
2011;8;Subsecção;191;13120301004
2011;8;Subsecção;106;13120301005
2011;8;Subsecção;22;13120301006
2011;8;Subsecção;31;13120301101
2011;8;Subsecção;53;13120301102
2011;8;Subsecção;59;13120301103
2011;8;Subsecção;74;13120301104
2011;8;Subsecção;84;13120301105
2011;8;Subsecção;92;13120301106
2011;8;Subsecção;152;13120301107
2011;8;Subsecção;123;13120301201
2011;8;Subsecção;106;13120301202
2011;8;Subsecção;129;13120301203
2011;8;Subsecção;28;13120301204
2011;8;Subsecção;108;13120301205
2011;8;Subsecção;27;13120301206
2011;8;Subsecção;24;13120301207
2011;8;Subsecção;30;13120301208
2011;8;Subsecção;41;13120301209
2011;8;Subsecção;34;13120301210
2011;8;Subsecção;27;13120301211
2011;8;Subsecção;506;13120301301
2011;8;Subsecção;119;13120301401
2011;8;Subsecção;257;13120301402
2011;8;Subsecção;13;13120301403
2011;8;Subsecção;38;13120301404
2011;8;Subsecção;124;13120301405
2011;8;Subsecção;42;13120301501
2011;8;Subsecção;8;13120301502
2011;8;Subsecção;17;13120301503
2011;8;Subsecção;37;13120301504
2011;8;Subsecção;149;13120301505
2011;8;Subsecção;98;13120301506
2011;8;Subsecção;176;13120301507
2011;8;Subsecção;72;13120301508
2011;8;Subsecção;282;13120301601
2011;8;Subsecção;42;13120301602
2011;8;Subsecção;310;13120301603
2011;8;Subsecção;246;13120301604
2011;8;Subsecção;82;13120301605
2011;8;Subsecção;229;13120301701
2011;8;Subsecção;165;13120301702
2011;8;Subsecção;68;13120301703
2011;8;Subsecção;39;13120301704
2011;8;Subsecção;50;13120301705
2011;8;Subsecção;362;13120301801
2011;8;Subsecção;20;13120301802
2011;8;Subsecção;58;13120301803
2011;8;Subsecção;14;13120301804
2011;8;Subsecção;11;13120301805
2011;8;Subsecção;13;13120301806
2011;8;Subsecção;7;13120301807
2011;8;Subsecção;7;13120301808
2011;8;Subsecção;3;13120301809
2011;8;Subsecção;8;13120301810
2011;8;Subsecção;5;13120301811
2011;8;Subsecção;188;13120301901
2011;8;Subsecção;105;13120301902
2011;8;Subsecção;85;13120301903
2011;8;Subsecção;11;13120301904
2011;8;Subsecção;11;13120301905
2011;8;Subsecção;22;13120301906
2011;8;Subsecção;63;13120301907
2011;8;Subsecção;121;13120302001
2011;8;Subsecção;60;13120302002
2011;8;Subsecção;66;13120302003
2011;8;Subsecção;238;13120302004
2011;8;Subsecção;39;13120302005
2011;8;Subsecção;67;13120302101
2011;8;Subsecção;332;13120302102
2011;8;Subsecção;213;13120302103
2011;8;Subsecção;90;13120302104
2011;8;Subsecção;2;13120302105
2011;8;Subsecção;28;13120302106
2011;8;Subsecção;34;13120302107
2011;8;Subsecção;21;13120302108
2011;8;Subsecção;39;13120302109
2011;8;Subsecção;84;13120302201
2011;8;Subsecção;142;13120302202
2011;8;Subsecção;47;13120302203
2011;8;Subsecção;874;13120302204
2011;8;Subsecção;54;13120302205
2011;8;Subsecção;0;13120302206
2011;8;Subsecção;116;13120302301
2011;8;Subsecção;71;13120302302
2011;8;Subsecção;38;13120302303
2011;8;Subsecção;34;13120302304
2011;8;Subsecção;101;13120302305
2011;8;Subsecção;41;13120302401
2011;8;Subsecção;36;13120302402
2011;8;Subsecção;223;13120302403
2011;8;Subsecção;237;13120302404
2011;8;Subsecção;216;13120302405
2011;8;Subsecção;105;13120302501
2011;8;Subsecção;126;13120302502
2011;8;Subsecção;484;13120302601
2011;8;Subsecção;119;13120302701
2011;8;Subsecção;133;13120302702
2011;8;Subsecção;17;13120302703
2011;8;Subsecção;31;13120302704
2011;8;Subsecção;55;13120302705
2011;8;Subsecção;105;13120302706
2011;8;Subsecção;127;13120302801
2011;8;Subsecção;87;13120302802
2011;8;Subsecção;138;13120302803
2011;8;Subsecção;77;13120302804
2011;8;Subsecção;131;13120302805
2011;8;Subsecção;31;13120302806
2011;8;Subsecção;175;13120302807
2011;8;Subsecção;158;13120302901
2011;8;Subsecção;299;13120302902
2011;8;Subsecção;121;13120302903
2011;8;Subsecção;76;13120303001
2011;8;Subsecção;19;13120303002
2011;8;Subsecção;90;13120303003
2011;8;Subsecção;127;13120303004
2011;8;Subsecção;246;13120303005
2011;8;Subsecção;160;13120303101
2011;8;Subsecção;319;13120303102
2011;8;Subsecção;322;13120303103
2011;8;Subsecção;184;13120303201
2011;8;Subsecção;182;13120303202
2011;8;Subsecção;4;13120303203
2011;8;Subsecção;103;13120303204
2011;8;Subsecção;50;13120303205
2011;8;Subsecção;30;13120303206
2011;8;Subsecção;17;13120303207
2011;8;Subsecção;131;13120303301
2011;8;Subsecção;57;13120303302
2011;8;Subsecção;206;13120303303
2011;8;Subsecção;44;13120303304
2011;8;Subsecção;219;13120303305
2011;8;Subsecção;202;13120303401
2011;8;Subsecção;191;13120303402
2011;8;Subsecção;376;13120303403
2011;8;Subsecção;27;13120303404
2011;8;Subsecção;76;13120303405
2011;8;Subsecção;3;13120303406
2011;8;Subsecção;14;13120303407
2011;8;Subsecção;336;13120303501
2011;8;Subsecção;113;13120303502
2011;8;Subsecção;310;13120303503
2011;8;Subsecção;276;13120303504
2011;8;Subsecção;297;13120303505
2011;8;Subsecção;121;13120303601
2011;8;Subsecção;115;13120303602
2011;8;Subsecção;146;13120303603
2011;8;Subsecção;46;13120303604
2011;8;Subsecção;30;13120303605
2011;8;Subsecção;58;13120303606
2011;8;Subsecção;24;13120303607
2011;8;Subsecção;22;13120303608
2011;8;Subsecção;443;13120303701
2011;8;Subsecção;0;13120303702
2011;8;Subsecção;165;13120303703
2011;8;Subsecção;3;13120303704
2011;8;Subsecção;23;13120303801
2011;8;Subsecção;175;13120303802
2011;8;Subsecção;240;13120303803
2011;8;Subsecção;500;13120303804
2011;8;Subsecção;0;13120303901
2011;8;Subsecção;223;13120303902
2011;8;Subsecção;276;13120303903
2011;8;Subsecção;92;13120303904
2011;8;Subsecção;19;13120303905
2011;8;Subsecção;117;13120303906
2011;8;Subsecção;167;13120304001
2011;8;Subsecção;516;13120304002
2011;8;Subsecção;98;13120304101
2011;8;Subsecção;192;13120304102
2011;8;Subsecção;70;13120304103
2011;8;Subsecção;82;13120304104
2011;8;Subsecção;11;13120304105
2011;8;Subsecção;34;13120304106
2011;8;Subsecção;10;13120304107
2011;8;Subsecção;174;13120304201
2011;8;Subsecção;117;13120304202
2011;8;Subsecção;50;13120304203
2011;8;Subsecção;0;13120304204
2011;8;Subsecção;0;13120304205
2011;8;Subsecção;0;13120304206
2011;8;Subsecção;38;13120304207
2011;8;Subsecção;146;13120304301
2011;8;Subsecção;130;13120304302
2011;8;Subsecção;0;13120304303
2011;8;Subsecção;0;13120304304
2011;8;Subsecção;0;13120304305
2011;8;Subsecção;115;13120304306
2011;8;Subsecção;1;13120304307
2011;8;Subsecção;0;13120304401
2011;8;Subsecção;21;13120304402
2011;8;Subsecção;36;13120304403
2011;8;Subsecção;222;13120304404
2011;8;Subsecção;266;13120304405
2011;8;Subsecção;296;13120304501
2011;8;Subsecção;111;13120304502
2011;8;Subsecção;247;13120304503
2011;8;Subsecção;69;13120304504
2011;8;Subsecção;296;13120304601
2011;8;Subsecção;138;13120304602
2011;8;Subsecção;78;13120304603
2011;8;Subsecção;53;13120304604
2011;8;Subsecção;37;13120304701
2011;8;Subsecção;23;13120304702
2011;8;Subsecção;16;13120304703
2011;8;Subsecção;30;13120304704
2011;8;Subsecção;93;13120304705
2011;8;Subsecção;50;13120304706
2011;8;Subsecção;99;13120304707
2011;8;Subsecção;645;13120304801
2011;8;Subsecção;59;13120304802
2011;8;Subsecção;288;13120304901
2011;8;Subsecção;195;13120304902
2011;8;Subsecção;0;13120305001
2011;8;Subsecção;17;13120305002
2011;8;Subsecção;217;13120305003
2011;8;Subsecção;60;13120305004
2011;8;Subsecção;60;13120305005
2011;8;Subsecção;105;13120305006
2011;8;Subsecção;57;13120305007
2011;8;Subsecção;207;13120305101
2011;8;Subsecção;274;13120305102
2011;8;Subsecção;139;13120305103
2011;8;Subsecção;54;13120305201
2011;8;Subsecção;63;13120305202
2011;8;Subsecção;10;13120305203
2011;8;Subsecção;0;13120305204
2011;8;Subsecção;58;13120305205
2011;8;Subsecção;34;13120305206
2011;8;Subsecção;141;13120305207
2011;8;Subsecção;117;13120305208
2011;8;Subsecção;21;13120305209
2011;8;Subsecção;0;13120305210
2011;8;Subsecção;0;13120305211
2011;8;Subsecção;3;13120305212
2011;8;Subsecção;0;13120305213
2011;8;Subsecção;91;13120305301
2011;8;Subsecção;165;13120305302
2011;8;Subsecção;10;13120305303
2011;8;Subsecção;0;13120305304
2011;8;Subsecção;86;13120305305
2011;8;Subsecção;82;13120305306
2011;8;Subsecção;48;13120305401
2011;8;Subsecção;62;13120305402
2011;8;Subsecção;37;13120305403
2011;8;Subsecção;81;13120305404
2011;8;Subsecção;44;13120305405
2011;8;Subsecção;189;13120305406
2011;8;Subsecção;240;13120400101
2011;8;Subsecção;288;13120400102
2011;8;Subsecção;295;13120400201
2011;8;Subsecção;287;13120400202
2011;8;Subsecção;281;13120400301
2011;8;Subsecção;35;13120400302
2011;8;Subsecção;101;13120400303
2011;8;Subsecção;56;13120400304
2011;8;Subsecção;86;13120400401
2011;8;Subsecção;74;13120400402
2011;8;Subsecção;337;13120400403
2011;8;Subsecção;354;13120400501
2011;8;Subsecção;125;13120400601
2011;8;Subsecção;219;13120400602
2011;8;Subsecção;17;13120400603
2011;8;Subsecção;12;13120400604
2011;8;Subsecção;13;13120400605
2011;8;Subsecção;54;13120400606
2011;8;Subsecção;0;13120400607
2011;8;Subsecção;344;13120400701
2011;8;Subsecção;128;13120400702
2011;8;Subsecção;99;13120400801
2011;8;Subsecção;515;13120400802
2011;8;Subsecção;63;13120400803
2011;8;Subsecção;34;13120400804
2011;8;Subsecção;163;13120400901
2011;8;Subsecção;255;13120400902
2011;8;Subsecção;44;13120400903
2011;8;Subsecção;152;13120401001
2011;8;Subsecção;438;13120401002
2011;8;Subsecção;202;13120401101
2011;8;Subsecção;312;13120401102
2011;8;Subsecção;219;13120401201
2011;8;Subsecção;8;13120401202
2011;8;Subsecção;189;13120401203
2011;8;Subsecção;98;13120401204
2011;8;Subsecção;669;13120401301
2011;8;Subsecção;136;13120401401
2011;8;Subsecção;166;13120401402
2011;8;Subsecção;32;13120401403
2011;8;Subsecção;107;13120401404
2011;8;Subsecção;115;13120401501
2011;8;Subsecção;233;13120401502
2011;8;Subsecção;115;13120401503
2011;8;Subsecção;278;13120401601
2011;8;Subsecção;209;13120401602
2011;8;Subsecção;92;13120401603
2011;8;Subsecção;486;13120401701
2011;8;Subsecção;255;13120401801
2011;8;Subsecção;222;13120401802
2011;8;Subsecção;19;13120401901
2011;8;Subsecção;291;13120401902
2011;8;Subsecção;107;13120402001
2011;8;Subsecção;69;13120402002
2011;8;Subsecção;145;13120402003
2011;8;Subsecção;150;13120402004
2011;8;Subsecção;144;13120402101
2011;8;Subsecção;225;13120402102
2011;8;Subsecção;398;13120402201
2011;8;Subsecção;284;13120402301
2011;8;Subsecção;275;13120402302
2011;8;Subsecção;793;13120402401
2011;8;Subsecção;399;13120402501
2011;8;Subsecção;254;13120402601
2011;8;Subsecção;346;13120402602
2011;8;Subsecção;464;13120402701
2011;8;Subsecção;156;13120402702
2011;8;Subsecção;52;13120402703
2011;8;Subsecção;108;13120402801
2011;8;Subsecção;192;13120402802
2011;8;Subsecção;185;13120402803
2011;8;Subsecção;0;13120402804
2011;8;Subsecção;0;13120402901
2011;8;Subsecção;96;13120402902
2011;8;Subsecção;27;13120402903
2011;8;Subsecção;18;13120402904
2011;8;Subsecção;231;13120402905
2011;8;Subsecção;337;13120403001
2011;8;Subsecção;5;13120403002
2011;8;Subsecção;0;13120403003
2011;8;Subsecção;138;13120403101
2011;8;Subsecção;210;13120403102
2011;8;Subsecção;497;13120403201
2011;8;Subsecção;143;13120403301
2011;8;Subsecção;43;13120403302
2011;8;Subsecção;0;13120403303
2011;8;Subsecção;240;13120403304
2011;8;Subsecção;75;13120403401
2011;8;Subsecção;162;13120403402
2011;8;Subsecção;56;13120403403
2011;8;Subsecção;457;13120403501
2011;8;Subsecção;255;13120403601
2011;8;Subsecção;30;13120403602
2011;8;Subsecção;16;13120403603
2011;8;Subsecção;0;13120403604
2011;8;Subsecção;72;13120403605
2011;8;Subsecção;69;13120403701
2011;8;Subsecção;103;13120403702
2011;8;Subsecção;150;13120403703
2011;8;Subsecção;128;13120403704
2011;8;Subsecção;123;13120403801
2011;8;Subsecção;42;13120403802
2011;8;Subsecção;113;13120403803
2011;8;Subsecção;53;13120403804
2011;8;Subsecção;52;13120403805
2011;8;Subsecção;338;13120403901
2011;8;Subsecção;398;13120403902
2011;8;Subsecção;261;13120404001
2011;8;Subsecção;7;13120404101
2011;8;Subsecção;354;13120404102
2011;8;Subsecção;453;13120404201
2011;8;Subsecção;0;13120404301
2011;8;Subsecção;365;13120404302
2011;8;Subsecção;313;13120404401
2011;8;Subsecção;53;13120404402
2011;8;Subsecção;0;13120404403
2011;8;Subsecção;318;13120404501
2011;8;Subsecção;124;13120404502
2011;8;Subsecção;276;13120404601
2011;8;Subsecção;214;13120404602
2011;8;Subsecção;115;13120404701
2011;8;Subsecção;14;13120404702
2011;8;Subsecção;134;13120404703
2011;8;Subsecção;91;13120404704
2011;8;Subsecção;102;13120500101
2011;8;Subsecção;60;13120500102
2011;8;Subsecção;428;13120500103
2011;8;Subsecção;29;13120500104
2011;8;Subsecção;36;13120500105
2011;8;Subsecção;8;13120500106
2011;8;Subsecção;181;13120500201
2011;8;Subsecção;120;13120500202
2011;8;Subsecção;274;13120500203
2011;8;Subsecção;22;13120500204
2011;8;Subsecção;48;13120500205
2011;8;Subsecção;28;13120500206
2011;8;Subsecção;32;13120500207
2011;8;Subsecção;37;13120500208
2011;8;Subsecção;100;13120500209
2011;8;Subsecção;39;13120500210
2011;8;Subsecção;0;13120500211
2011;8;Subsecção;23;13120500301
2011;8;Subsecção;315;13120500302
2011;8;Subsecção;371;13120500303
2011;8;Subsecção;20;13120500401
2011;8;Subsecção;49;13120500402
2011;8;Subsecção;42;13120500403
2011;8;Subsecção;98;13120500404
2011;8;Subsecção;101;13120500405
2011;8;Subsecção;47;13120500406
2011;8;Subsecção;108;13120500407
2011;8;Subsecção;0;13120500408
2011;8;Subsecção;84;13120500409
2011;8;Subsecção;70;13120500410
2011;8;Subsecção;47;13120500501
2011;8;Subsecção;397;13120500502
2011;8;Subsecção;135;13120500503
2011;8;Subsecção;191;13120500504
2011;8;Subsecção;10;13120500505
2011;8;Subsecção;200;13120500601
2011;8;Subsecção;24;13120500602
2011;8;Subsecção;98;13120500603
2011;8;Subsecção;18;13120500604
2011;8;Subsecção;31;13120500605
2011;8;Subsecção;0;13120500701
2011;8;Subsecção;207;13120500702
2011;8;Subsecção;64;13120500703
2011;8;Subsecção;83;13120500704
2011;8;Subsecção;75;13120500705
2011;8;Subsecção;66;13120500801
2011;8;Subsecção;179;13120500802
2011;8;Subsecção;129;13120500803
2011;8;Subsecção;106;13120500804
2011;8;Subsecção;102;13120500805
2011;8;Subsecção;39;13120500806
2011;8;Subsecção;19;13120500807
2011;8;Subsecção;350;13120500901
2011;8;Subsecção;0;13120500902
2011;8;Subsecção;214;13120500903
2011;8;Subsecção;216;13120501001
2011;8;Subsecção;258;13120501002
2011;8;Subsecção;48;13120501003
2011;8;Subsecção;176;13120501004
2011;8;Subsecção;351;13120501005
2011;8;Subsecção;197;13120501101
2011;8;Subsecção;29;13120501102
2011;8;Subsecção;93;13120501103
2011;8;Subsecção;47;13120501104
2011;8;Subsecção;25;13120501105
2011;8;Subsecção;71;13120501106
2011;8;Subsecção;45;13120501107
2011;8;Subsecção;93;13120501108
2011;8;Subsecção;23;13120501201
2011;8;Subsecção;64;13120501202
2011;8;Subsecção;0;13120501203
2011;8;Subsecção;18;13120501204
2011;8;Subsecção;93;13120501205
2011;8;Subsecção;6;13120501206
2011;8;Subsecção;71;13120501207
2011;8;Subsecção;19;13120501208
2011;8;Subsecção;25;13120501209
2011;8;Subsecção;5;13120501210
2011;8;Subsecção;15;13120501211
2011;8;Subsecção;21;13120501212
2011;8;Subsecção;106;13120501213
2011;8;Subsecção;263;13120501301
2011;8;Subsecção;382;13120501302
2011;8;Subsecção;49;13120501303
2011;8;Subsecção;87;13120501401
2011;8;Subsecção;114;13120501402
2011;8;Subsecção;11;13120501403
2011;8;Subsecção;30;13120501404
2011;8;Subsecção;40;13120501405
2011;8;Subsecção;38;13120501406
2011;8;Subsecção;54;13120501407
2011;8;Subsecção;62;13120501408
2011;8;Subsecção;33;13120501409
2011;8;Subsecção;12;13120501410
2011;8;Subsecção;0;13120501411
2011;8;Subsecção;106;13120501501
2011;8;Subsecção;121;13120501502
2011;8;Subsecção;83;13120501503
2011;8;Subsecção;50;13120501504
2011;8;Subsecção;80;13120501505
2011;8;Subsecção;19;13120501506
2011;8;Subsecção;0;13120501507
2011;8;Subsecção;23;13120501508
2011;8;Subsecção;0;13120501509
2011;8;Subsecção;0;13120501510
2011;8;Subsecção;0;13120501601
2011;8;Subsecção;204;13120501602
2011;8;Subsecção;20;13120501603
2011;8;Subsecção;24;13120501604
2011;8;Subsecção;59;13120501605
2011;8;Subsecção;13;13120501606
2011;8;Subsecção;1;13120501607
2011;8;Subsecção;57;13120501608
2011;8;Subsecção;25;13120501609
2011;8;Subsecção;26;13120501610
2011;8;Subsecção;9;13120501611
2011;8;Subsecção;51;13120501612
2011;8;Subsecção;29;13120501613
2011;8;Subsecção;21;13120501614
2011;8;Subsecção;20;13120501615
2011;8;Subsecção;23;13120501616
2011;8;Subsecção;164;13120501701
2011;8;Subsecção;191;13120501702
2011;8;Subsecção;43;13120501703
2011;8;Subsecção;16;13120501704
2011;8;Subsecção;88;13120501705
2011;8;Subsecção;6;13120501706
2011;8;Subsecção;106;13120501707
2011;8;Subsecção;19;13120501708
2011;8;Subsecção;178;13120501801
2011;8;Subsecção;102;13120501802
2011;8;Subsecção;5;13120501803
2011;8;Subsecção;6;13120501804
2011;8;Subsecção;8;13120501805
2011;8;Subsecção;0;13120501806
2011;8;Subsecção;0;13120501807
2011;8;Subsecção;3;13120501808
2011;8;Subsecção;31;13120501809
2011;8;Subsecção;21;13120501810
2011;8;Subsecção;200;13120600101
2011;8;Subsecção;72;13120600102
2011;8;Subsecção;31;13120600103
2011;8;Subsecção;279;13120600104
2011;8;Subsecção;41;13120600105
2011;8;Subsecção;67;13120600106
2011;8;Subsecção;0;13120600107
2011;8;Subsecção;19;13120600108
2011;8;Subsecção;19;13120600109
2011;8;Subsecção;37;13120600110
2011;8;Subsecção;24;13120600201
2011;8;Subsecção;269;13120600202
2011;8;Subsecção;18;13120600203
2011;8;Subsecção;149;13120600204
2011;8;Subsecção;179;13120600301
2011;8;Subsecção;320;13120600302
2011;8;Subsecção;312;13120600303
2011;8;Subsecção;199;13120600401
2011;8;Subsecção;282;13120600402
2011;8;Subsecção;0;13120600403
2011;8;Subsecção;32;13120600404
2011;8;Subsecção;162;13120600405
2011;8;Subsecção;102;13120600501
2011;8;Subsecção;91;13120600502
2011;8;Subsecção;70;13120600503
2011;8;Subsecção;41;13120600504
2011;8;Subsecção;30;13120600505
2011;8;Subsecção;36;13120600506
2011;8;Subsecção;61;13120600507
2011;8;Subsecção;58;13120600508
2011;8;Subsecção;55;13120600509
2011;8;Subsecção;40;13120600510
2011;8;Subsecção;34;13120600511
2011;8;Subsecção;27;13120600512
2011;8;Subsecção;20;13120600513
2011;8;Subsecção;38;13120600514
2011;8;Subsecção;61;13120600515
2011;8;Subsecção;24;13120600516
2011;8;Subsecção;65;13120600601
2011;8;Subsecção;0;13120600602
2011;8;Subsecção;133;13120600603
2011;8;Subsecção;0;13120600604
2011;8;Subsecção;379;13120600701
2011;8;Subsecção;455;13120600702
2011;8;Subsecção;63;13120600801
2011;8;Subsecção;232;13120600802
2011;8;Subsecção;73;13120600803
2011;8;Subsecção;49;13120600804
2011;8;Subsecção;0;13120600901
2011;8;Subsecção;162;13120600902
2011;8;Subsecção;153;13120600903
2011;8;Subsecção;104;13120600904
2011;8;Subsecção;28;13120600905
2011;8;Subsecção;34;13120600906
2011;8;Subsecção;280;13120601001
2011;8;Subsecção;234;13120601002
2011;8;Subsecção;0;13120601003
2011;8;Subsecção;628;13120601101
2011;8;Subsecção;104;13120601102
2011;8;Subsecção;40;13120601103
2011;8;Subsecção;105;13120601104
2011;8;Subsecção;24;13120601105
2011;8;Subsecção;98;13120601106
2011;8;Subsecção;23;13120601107
2011;8;Subsecção;29;13120601108
2011;8;Subsecção;84;13120601201
2011;8;Subsecção;602;13120601301
2011;8;Subsecção;159;13120601401
2011;8;Subsecção;110;13120601402
2011;8;Subsecção;61;13120601403
2011;8;Subsecção;43;13120601501
2011;8;Subsecção;93;13120601601
2011;8;Subsecção;17;13120601602
2011;8;Subsecção;76;13120601603
2011;8;Subsecção;0;13120601604
2011;8;Subsecção;64;13120601605
2011;8;Subsecção;171;13120601606
2011;8;Subsecção;75;13120601607
2011;8;Subsecção;70;13120601608
2011;8;Subsecção;315;13120601701
2011;8;Subsecção;288;13120601702
2011;8;Subsecção;584;13120601801
2011;8;Subsecção;161;13120601802
2011;8;Subsecção;206;13120601803
2011;8;Subsecção;196;13120601901
2011;8;Subsecção;194;13120601902
2011;8;Subsecção;425;13120601903
2011;8;Subsecção;281;13120602001
2011;8;Subsecção;170;13120602002
2011;8;Subsecção;429;13120602003
2011;8;Subsecção;92;13120602004
2011;8;Subsecção;33;13120602101
2011;8;Subsecção;31;13120602102
2011;8;Subsecção;41;13120602103
2011;8;Subsecção;365;13120602104
2011;8;Subsecção;0;13120602105
2011;8;Subsecção;472;13120602106
2011;8;Subsecção;457;13120602201
2011;8;Subsecção;150;13120602202
2011;8;Subsecção;62;13120602203
2011;8;Subsecção;0;13120602204
2011;8;Subsecção;378;13120602301
2011;8;Subsecção;285;13120602302
2011;8;Subsecção;0;13120602303
2011;8;Subsecção;0;13120602401
2011;8;Subsecção;200;13120602402
2011;8;Subsecção;65;13120602403
2011;8;Subsecção;835;13120602404
2011;8;Subsecção;427;13120602405
2011;8;Subsecção;0;13120602501
2011;8;Subsecção;74;13120602502
2011;8;Subsecção;0;13120602503
2011;8;Subsecção;33;13120602504
2011;8;Subsecção;74;13120602505
2011;8;Subsecção;103;13120602506
2011;8;Subsecção;83;13120602507
2011;8;Subsecção;71;13120602508
2011;8;Subsecção;468;13120602601
2011;8;Subsecção;452;13120602602
2011;8;Subsecção;25;13120602603
2011;8;Subsecção;39;13120602604
2011;8;Subsecção;74;13120602701
2011;8;Subsecção;41;13120602702
2011;8;Subsecção;170;13120602703
2011;8;Subsecção;153;13120602704
2011;8;Subsecção;133;13120602705
2011;8;Subsecção;147;13120602706
2011;8;Subsecção;27;13120602707
2011;8;Subsecção;18;13120602708
2011;8;Subsecção;25;13120602709
2011;8;Subsecção;322;13120602801
2011;8;Subsecção;557;13120602802
2011;8;Subsecção;244;13120602901
2011;8;Subsecção;0;13120602902
2011;8;Subsecção;13;13120602903
2011;8;Subsecção;14;13120602904
2011;8;Subsecção;43;13120602905
2011;8;Subsecção;30;13120602906
2011;8;Subsecção;17;13120602907
2011;8;Subsecção;8;13120602908
2011;8;Subsecção;8;13120602909
2011;8;Subsecção;192;13120602910
2011;8;Subsecção;0;13120602911
2011;8;Subsecção;338;13120603001
2011;8;Subsecção;579;13120603002
2011;8;Subsecção;51;13120603003
2011;8;Subsecção;49;13120603004
2011;8;Subsecção;122;13120603101
2011;8;Subsecção;168;13120603102
2011;8;Subsecção;38;13120603103
2011;8;Subsecção;45;13120603104
2011;8;Subsecção;0;13120603201
2011;8;Subsecção;519;13120603202
2011;8;Subsecção;266;13120603301
2011;8;Subsecção;254;13120603302
2011;8;Subsecção;42;13120603303
2011;8;Subsecção;150;13120603304
2011;8;Subsecção;157;13120603305
2011;8;Subsecção;59;13120603306
2011;8;Subsecção;14;13120603307
2011;8;Subsecção;0;13120603308
2011;8;Subsecção;0;13120603401
2011;8;Subsecção;97;13120700101
2011;8;Subsecção;20;13120700102
2011;8;Subsecção;46;13120700103
2011;8;Subsecção;17;13120700104
2011;8;Subsecção;23;13120700105
2011;8;Subsecção;28;13120700106
2011;8;Subsecção;76;13120700107
2011;8;Subsecção;42;13120700108
2011;8;Subsecção;17;13120700109
2011;8;Subsecção;48;13120700110
2011;8;Subsecção;42;13120700111
2011;8;Subsecção;0;13120700112
2011;8;Subsecção;21;13120700113
2011;8;Subsecção;33;13120700114
2011;8;Subsecção;1;13120700115
2011;8;Subsecção;0;13120700116
2011;8;Subsecção;0;13120700117
2011;8;Subsecção;114;13120700201
2011;8;Subsecção;265;13120700202
2011;8;Subsecção;29;13120700301
2011;8;Subsecção;15;13120700302
2011;8;Subsecção;92;13120700303
2011;8;Subsecção;64;13120700304
2011;8;Subsecção;5;13120700305
2011;8;Subsecção;143;13120700306
2011;8;Subsecção;90;13120700307
2011;8;Subsecção;495;13120700401
2011;8;Subsecção;52;13120700402
2011;8;Subsecção;0;13120700403
2011;8;Subsecção;107;13120700404
2011;8;Subsecção;32;13120700405
2011;8;Subsecção;84;13120700501
2011;8;Subsecção;0;13120700502
2011;8;Subsecção;274;13120700503
2011;8;Subsecção;66;13120700504
2011;8;Subsecção;77;13120700601
2011;8;Subsecção;0;13120700602
2011;8;Subsecção;458;13120700603
2011;8;Subsecção;30;13120700701
2011;8;Subsecção;49;13120700702
2011;8;Subsecção;123;13120700703
2011;8;Subsecção;52;13120700704
2011;8;Subsecção;6;13120700705
2011;8;Subsecção;1;13120700706
2011;8;Subsecção;75;13120700707
2011;8;Subsecção;49;13120700708
2011;8;Subsecção;58;13120700709
2011;8;Subsecção;0;13120700710
2011;8;Subsecção;199;13120700801
2011;8;Subsecção;265;13120700901
2011;8;Subsecção;158;13120701001
2011;8;Subsecção;181;13120701002
2011;8;Subsecção;184;13120701003
2011;8;Subsecção;170;13120701101
2011;8;Subsecção;17;13120701102
2011;8;Subsecção;43;13120701103
2011;8;Subsecção;68;13120701104
2011;8;Subsecção;166;13120701201
2011;8;Subsecção;79;13120701202
2011;8;Subsecção;113;13120701203
2011;8;Subsecção;119;13120701204
2011;8;Subsecção;48;13120701205
2011;8;Subsecção;337;13120701301
2011;8;Subsecção;274;13120701302
2011;8;Subsecção;0;13120701401
2011;8;Subsecção;192;13120701402
2011;8;Subsecção;10;13120701403
2011;8;Subsecção;142;13120701404
2011;8;Subsecção;204;13120701405
2011;8;Subsecção;15;13120701406
2011;8;Subsecção;92;13120701407
2011;8;Subsecção;66;13120701408
2011;8;Subsecção;0;13120701409
2011;8;Subsecção;49;13120701410
2011;8;Subsecção;0;13120701501
2011;8;Subsecção;0;13120701502
2011;8;Subsecção;67;13120701503
2011;8;Subsecção;9;13120701504
2011;8;Subsecção;21;13120701505
2011;8;Subsecção;0;13120701506
2011;8;Subsecção;4;13120701507
2011;8;Subsecção;39;13120701508
2011;8;Subsecção;42;13120701509
2011;8;Subsecção;325;13120800101
2011;8;Subsecção;61;13120800102
2011;8;Subsecção;112;13120800201
2011;8;Subsecção;91;13120800202
2011;8;Subsecção;24;13120800203
2011;8;Subsecção;49;13120800204
2011;8;Subsecção;5;13120800301
2011;8;Subsecção;52;13120800302
2011;8;Subsecção;70;13120800303
2011;8;Subsecção;93;13120800304
2011;8;Subsecção;86;13120800305
2011;8;Subsecção;70;13120800401
2011;8;Subsecção;58;13120800402
2011;8;Subsecção;132;13120800403
2011;8;Subsecção;60;13120800404
2011;8;Subsecção;11;13120800405
2011;8;Subsecção;76;13120800501
2011;8;Subsecção;57;13120800502
2011;8;Subsecção;0;13120800503
2011;8;Subsecção;7;13120800504
2011;8;Subsecção;32;13120800505
2011;8;Subsecção;10;13120800506
2011;8;Subsecção;11;13120800507
2011;8;Subsecção;16;13120800508
2011;8;Subsecção;80;13120800509
2011;8;Subsecção;59;13120800510
2011;8;Subsecção;10;13120800601
2011;8;Subsecção;15;13120800602
2011;8;Subsecção;0;13120800603
2011;8;Subsecção;42;13120800604
2011;8;Subsecção;16;13120800605
2011;8;Subsecção;22;13120800606
2011;8;Subsecção;147;13120800607
2011;8;Subsecção;168;13120800608
2011;8;Subsecção;0;13120900101
2011;8;Subsecção;0;13120900102
2011;8;Subsecção;5;13120900103
2011;8;Subsecção;2;13120900104
2011;8;Subsecção;42;13120900105
2011;8;Subsecção;66;13120900106
2011;8;Subsecção;59;13120900107
2011;8;Subsecção;91;13120900108
2011;8;Subsecção;262;13120900109
2011;8;Subsecção;13;13120900201
2011;8;Subsecção;99;13120900202
2011;8;Subsecção;16;13120900203
2011;8;Subsecção;308;13120900204
2011;8;Subsecção;41;13120900205
2011;8;Subsecção;45;13120900206
2011;8;Subsecção;62;13120900207
2011;8;Subsecção;177;13120900208
2011;8;Subsecção;4;13120900301
2011;8;Subsecção;58;13120900302
2011;8;Subsecção;359;13120900303
2011;8;Subsecção;60;13120900304
2011;8;Subsecção;170;13120900401
2011;8;Subsecção;94;13120900402
2011;8;Subsecção;170;13120900403
2011;8;Subsecção;212;13120900404
2011;8;Subsecção;118;13120900405
2011;8;Subsecção;58;13120900501
2011;8;Subsecção;135;13120900502
2011;8;Subsecção;146;13120900503
2011;8;Subsecção;129;13120900504
2011;8;Subsecção;109;13120900505
2011;8;Subsecção;105;13120900506
2011;8;Subsecção;88;13120900507
2011;8;Subsecção;108;13120900601
2011;8;Subsecção;37;13120900602
2011;8;Subsecção;405;13120900603
2011;8;Subsecção;166;13120900701
2011;8;Subsecção;273;13120900702
2011;8;Subsecção;175;13120900703
2011;8;Subsecção;56;13120900801
2011;8;Subsecção;143;13120900802
2011;8;Subsecção;146;13120900803
2011;8;Subsecção;69;13120900804
2011;8;Subsecção;137;13120900805
2011;8;Subsecção;108;13121000101
2011;8;Subsecção;62;13121000102
2011;8;Subsecção;118;13121000103
2011;8;Subsecção;8;13121000104
2011;8;Subsecção;228;13121000105
2011;8;Subsecção;197;13121000106
2011;8;Subsecção;235;13121000201
2011;8;Subsecção;95;13121000301
2011;8;Subsecção;38;13121000302
2011;8;Subsecção;48;13121000303
2011;8;Subsecção;40;13121000304
2011;8;Subsecção;87;13121000401
2011;8;Subsecção;29;13121000402
2011;8;Subsecção;198;13121000403
2011;8;Subsecção;71;13121000404
2011;8;Subsecção;32;13121000405
2011;8;Subsecção;116;13121000406
2011;8;Subsecção;91;13121000501
2011;8;Subsecção;2;13121000502
2011;8;Subsecção;3;13121000503
2011;8;Subsecção;54;13121000601
2011;8;Subsecção;75;13121000602
2011;8;Subsecção;314;13121000603
2011;8;Subsecção;266;13121000604
2011;8;Subsecção;137;13121000701
2011;8;Subsecção;34;13121000702
2011;8;Subsecção;0;13121000703
2011;8;Subsecção;180;13121000704
2011;8;Subsecção;25;13121000705
2011;8;Subsecção;30;13121000706
2011;8;Subsecção;25;13121000707
2011;8;Subsecção;20;13121000708
2011;8;Subsecção;0;13121000801
2011;8;Subsecção;19;13121000802
2011;8;Subsecção;41;13121000803
2011;8;Subsecção;13;13121000804
2011;8;Subsecção;8;13121000805
2011;8;Subsecção;19;13121000806
2011;8;Subsecção;17;13121000807
2011;8;Subsecção;41;13121000808
2011;8;Subsecção;5;13121000809
2011;8;Subsecção;205;13121000810
2011;8;Subsecção;41;13121000811
2011;8;Subsecção;326;13121000901
2011;8;Subsecção;8;13121000902
2011;8;Subsecção;12;13121000903
2011;8;Subsecção;17;13121000904
2011;8;Subsecção;6;13121000905
2011;8;Subsecção;2;13121000906
2011;8;Subsecção;26;13121000907
2011;8;Subsecção;7;13121000908
2011;8;Subsecção;17;13121000909
2011;8;Subsecção;21;13121000910
2011;8;Subsecção;11;13121000911
2011;8;Subsecção;31;13121000912
2011;8;Subsecção;68;13121000913
2011;8;Subsecção;7;13121000914
2011;8;Subsecção;29;13121001001
2011;8;Subsecção;22;13121001002
2011;8;Subsecção;197;13121001003
2011;8;Subsecção;233;13121001004
2011;8;Subsecção;34;13121001101
2011;8;Subsecção;113;13121001102
2011;8;Subsecção;66;13121001103
2011;8;Subsecção;404;13121001104
2011;8;Subsecção;52;13121001105
2011;8;Subsecção;0;13121001201
2011;8;Subsecção;264;13121001202
2011;8;Subsecção;231;13121001203
2011;8;Subsecção;16;13121001204
2011;8;Subsecção;367;13121001301
2011;8;Subsecção;198;13121001302
2011;8;Subsecção;0;13121001401
2011;8;Subsecção;433;13121001402
2011;8;Subsecção;328;13121001501
2011;8;Subsecção;182;13121001502
2011;8;Subsecção;10;13121001503
2011;8;Subsecção;16;13121001601
2011;8;Subsecção;48;13121001602
2011;8;Subsecção;127;13121001603
2011;8;Subsecção;51;13121001604
2011;8;Subsecção;357;13121001701
2011;8;Subsecção;226;13121001702
2011;8;Subsecção;340;13121001703
2011;8;Subsecção;35;13121001801
2011;8;Subsecção;345;13121001802
2011;8;Subsecção;27;13121001803
2011;8;Subsecção;38;13121001804
2011;8;Subsecção;102;13121001805
2011;8;Subsecção;99;13121001806
2011;8;Subsecção;562;13121001901
2011;8;Subsecção;74;13121002001
2011;8;Subsecção;275;13121002002
2011;8;Subsecção;32;13121002003
2011;8;Subsecção;148;13121002101
2011;8;Subsecção;333;13121002102
2011;8;Subsecção;6;13121002201
2011;8;Subsecção;48;13121002202
2011;8;Subsecção;177;13121002203
2011;8;Subsecção;11;13121002204
2011;8;Subsecção;30;13121002205
2011;8;Subsecção;165;13121002206
2011;8;Subsecção;19;13121002207
2011;8;Subsecção;34;13121002208
2011;8;Subsecção;10;13121002209
2011;8;Subsecção;22;13121002210
2011;8;Subsecção;29;13121002211
2011;8;Subsecção;16;13121002212
2011;8;Subsecção;11;13121002213
2011;8;Subsecção;20;13121002214
2011;8;Subsecção;11;13121002215
2011;8;Subsecção;25;13121002216
2011;8;Subsecção;30;13121002217
2011;8;Subsecção;4;13121002218
2011;8;Subsecção;846;13121002301
2011;8;Subsecção;51;13121002401
2011;8;Subsecção;25;13121002402
2011;8;Subsecção;25;13121002403
2011;8;Subsecção;8;13121002404
2011;8;Subsecção;160;13121002405
2011;8;Subsecção;11;13121002406
2011;8;Subsecção;17;13121002407
2011;8;Subsecção;0;13121002408
2011;8;Subsecção;0;13121002409
2011;8;Subsecção;12;13121002410
2011;8;Subsecção;47;13121002411
2011;8;Subsecção;41;13121002412
2011;8;Subsecção;62;13121002413
2011;8;Subsecção;0;13121002414
2011;8;Subsecção;18;13121002415
2011;8;Subsecção;79;13121002416
2011;8;Subsecção;38;13121002417
2011;8;Subsecção;294;13121002501
2011;8;Subsecção;121;13121002502
2011;8;Subsecção;317;13121002601
2011;8;Subsecção;215;13121002701
2011;8;Subsecção;420;13121002801
2011;8;Subsecção;115;13121002802
2011;8;Subsecção;134;13121002803
2011;8;Subsecção;141;13121002901
2011;8;Subsecção;59;13121003001
2011;8;Subsecção;2;13121003002
2011;8;Subsecção;14;13121003003
2011;8;Subsecção;23;13121003004
2011;8;Subsecção;12;13121003005
2011;8;Subsecção;13;13121003006
2011;8;Subsecção;53;13121003007
2011;8;Subsecção;186;13121003008
2011;8;Subsecção;89;13121003009
2011;8;Subsecção;115;13121003010
2011;8;Subsecção;37;13121003011
2011;8;Subsecção;366;13121003101
2011;8;Subsecção;134;13121003102
2011;8;Subsecção;69;13121003201
2011;8;Subsecção;420;13121003202
2011;8;Subsecção;58;13121003203
2011;8;Subsecção;132;13121003301
2011;8;Subsecção;475;13121003302
2011;8;Subsecção;226;13121003303
2011;8;Subsecção;413;13121003401
2011;8;Subsecção;200;13121003501
2011;8;Subsecção;50;13121003502
2011;8;Subsecção;3;13121003503
2011;8;Subsecção;63;13121003504
2011;8;Subsecção;0;13121003505
2011;8;Subsecção;77;13121003506
2011;8;Subsecção;10;13121003507
2011;8;Subsecção;14;13121003601
2011;8;Subsecção;17;13121003602
2011;8;Subsecção;21;13121003603
2011;8;Subsecção;98;13121003604
2011;8;Subsecção;310;13121003605
2011;8;Subsecção;344;13121003701
2011;8;Subsecção;99;13121003702
2011;8;Subsecção;4;13121003703
2011;8;Subsecção;355;13121003801
2011;8;Subsecção;45;13121003901
2011;8;Subsecção;36;13121003902
2011;8;Subsecção;187;13121003903
2011;8;Subsecção;44;13121003904
2011;8;Subsecção;63;13121003905
2011;8;Subsecção;128;13121003906
2011;8;Subsecção;147;13121003907
2011;8;Subsecção;134;13121004001
2011;8;Subsecção;357;13121004002
2011;8;Subsecção;82;13121004003
2011;8;Subsecção;458;13121004101
2011;8;Subsecção;243;13121004201
2011;8;Subsecção;46;13121004202
2011;8;Subsecção;87;13121004203
2011;8;Subsecção;283;13121004301
2011;8;Subsecção;157;13121004302
2011;8;Subsecção;159;13121004303
2011;8;Subsecção;111;13121004401
2011;8;Subsecção;419;13121004501
2011;8;Subsecção;80;13121004502
2011;8;Subsecção;73;13121004503
2011;8;Subsecção;84;13121004504
2011;8;Subsecção;58;13121004601
2011;8;Subsecção;163;13121004602
2011;8;Subsecção;357;13121004701
2011;8;Subsecção;66;13121004702
2011;8;Subsecção;109;13121004703
2011;8;Subsecção;81;13121004801
2011;8;Subsecção;180;13121004802
2011;8;Subsecção;49;13121004803
2011;8;Subsecção;64;13121004804
2011;8;Subsecção;20;13121004805
2011;8;Subsecção;2;13121004901
2011;8;Subsecção;342;13121004902
2011;8;Subsecção;149;13121005001
2011;8;Subsecção;375;13121005002
2011;8;Subsecção;236;13121005101
2011;8;Subsecção;146;13121005102
2011;8;Subsecção;401;13121005201
2011;8;Subsecção;0;13121005202
2011;8;Subsecção;329;13121005203
2011;8;Subsecção;100;13121005204
2011;8;Subsecção;195;13121005301
2011;8;Subsecção;201;13121005302
2011;8;Subsecção;64;13121005303
2011;8;Subsecção;38;13121005304
2011;8;Subsecção;0;13121005305
2011;8;Subsecção;19;13121005306
2011;8;Subsecção;9;13121005307
2011;8;Subsecção;12;13121005308
2011;8;Subsecção;16;13121005309
2011;8;Subsecção;76;13121005401
2011;8;Subsecção;24;13121005402
2011;8;Subsecção;6;13121005403
2011;8;Subsecção;403;13121005404
2011;8;Subsecção;125;13121005405
2011;8;Subsecção;75;13121005501
2011;8;Subsecção;136;13121005502
2011;8;Subsecção;101;13121005503
2011;8;Subsecção;114;13121005504
2011;8;Subsecção;103;13121005505
2011;8;Subsecção;404;13121005601
2011;8;Subsecção;46;13121005602
2011;8;Subsecção;103;13121005701
2011;8;Subsecção;16;13121005702
2011;8;Subsecção;76;13121005703
2011;8;Subsecção;368;13121005704
2011;8;Subsecção;45;13121005705
2011;8;Subsecção;127;13121005801
2011;8;Subsecção;125;13121005802
2011;8;Subsecção;55;13121005803
2011;8;Subsecção;35;13121005901
2011;8;Subsecção;41;13121005902
2011;8;Subsecção;321;13121005903
2011;8;Subsecção;311;13121006001
2011;8;Subsecção;162;13121006002
2011;8;Subsecção;381;13121006101
2011;8;Subsecção;373;13121006201
2011;8;Subsecção;89;13121006202
2011;8;Subsecção;64;13121006203
2011;8;Subsecção;167;13121006204
2011;8;Subsecção;48;13121006205
2011;8;Subsecção;53;13121006206
2011;8;Subsecção;635;13121006301
2011;8;Subsecção;615;13121006401
2011;8;Subsecção;75;13121006501
2011;8;Subsecção;45;13121006502
2011;8;Subsecção;184;13121006503
2011;8;Subsecção;164;13121006504
2011;8;Subsecção;4;13121006601
2011;8;Subsecção;3;13121006602
2011;8;Subsecção;248;13121006603
2011;8;Subsecção;153;13121006604
2011;8;Subsecção;515;13121006701
2011;8;Subsecção;448;13121006801
2011;8;Subsecção;104;13121006802
2011;8;Subsecção;64;13121006803
2011;8;Subsecção;245;13121006901
2011;8;Subsecção;264;13121006902
2011;8;Subsecção;486;13121007001
2011;8;Subsecção;0;13121007002
2011;8;Subsecção;0;13121007101
2011;8;Subsecção;55;13121007102
2011;8;Subsecção;88;13121007103
2011;8;Subsecção;219;13121007104
2011;8;Subsecção;68;13121007201
2011;8;Subsecção;78;13121007202
2011;8;Subsecção;479;13121007203
2011;8;Subsecção;59;13121007204
2011;8;Subsecção;10;13121007205
2011;8;Subsecção;75;13121007301
2011;8;Subsecção;213;13121007302
2011;8;Subsecção;84;13121007303
2011;8;Subsecção;91;13121007304
2011;8;Subsecção;303;13121007401
2011;8;Subsecção;0;13121007402
2011;8;Subsecção;258;13121007501
2011;8;Subsecção;280;13121007502
2011;8;Subsecção;207;13121007601
2011;8;Subsecção;196;13121007602
2011;8;Subsecção;439;13121007701
2011;8;Subsecção;356;13121007801
2011;8;Subsecção;98;13121007802
2011;8;Subsecção;141;13121007803
2011;8;Subsecção;0;13121007804
2011;8;Subsecção;359;13121007901
2011;8;Subsecção;144;13121007902
2011;8;Subsecção;180;13121008001
2011;8;Subsecção;54;13121008002
2011;8;Subsecção;104;13121008003
2011;8;Subsecção;175;13121008004
2011;8;Subsecção;283;13121008101
2011;8;Subsecção;595;13121008201
2011;8;Subsecção;232;13121008301
2011;8;Subsecção;191;13121008302
2011;8;Subsecção;79;13121008303
2011;8;Subsecção;66;13121008304
2011;8;Subsecção;99;13121008401
2011;8;Subsecção;133;13121008402
2011;8;Subsecção;297;13121008403
2011;8;Subsecção;171;13121008501
2011;8;Subsecção;335;13121008502
2011;8;Subsecção;93;13121008503
2011;8;Subsecção;142;13121008504
2011;8;Subsecção;43;13121008505
2011;8;Subsecção;215;13121008601
2011;8;Subsecção;100;13121008602
2011;8;Subsecção;179;13121008603
2011;8;Subsecção;468;13121008701
2011;8;Subsecção;416;13121008801
2011;8;Subsecção;545;13121008901
2011;8;Subsecção;0;13121100101
2011;8;Subsecção;382;13121100102
2011;8;Subsecção;76;13121100103
2011;8;Subsecção;40;13121100104
2011;8;Subsecção;52;13121100105
2011;8;Subsecção;39;13121100106
2011;8;Subsecção;12;13121100107
2011;8;Subsecção;0;13121100108
2011;8;Subsecção;30;13121100109
2011;8;Subsecção;21;13121100110
2011;8;Subsecção;321;13121100201
2011;8;Subsecção;31;13121100202
2011;8;Subsecção;411;13121100203
2011;8;Subsecção;75;13121100301
2011;8;Subsecção;6;13121100302
2011;8;Subsecção;2;13121100303
2011;8;Subsecção;187;13121100304
2011;8;Subsecção;83;13121100305
2011;8;Subsecção;50;13121100306
2011;8;Subsecção;82;13121100307
2011;8;Subsecção;78;13121100308
2011;8;Subsecção;0;13121100309
2011;8;Subsecção;26;13121100310
2011;8;Subsecção;51;13121100311
2011;8;Subsecção;143;13121100401
2011;8;Subsecção;32;13121100402
2011;8;Subsecção;21;13121100403
2011;8;Subsecção;7;13121100404
2011;8;Subsecção;68;13121100405
2011;8;Subsecção;410;13121100406
2011;8;Subsecção;2;13121100407
2011;8;Subsecção;508;13121100501
2011;8;Subsecção;224;13121100502
2011;8;Subsecção;130;13121100503
2011;8;Subsecção;18;13121100504
2011;8;Subsecção;100;13121100601
2011;8;Subsecção;37;13121100602
2011;8;Subsecção;186;13121100603
2011;8;Subsecção;235;13121100604
2011;8;Subsecção;67;13121100605
2011;8;Subsecção;0;13121100701
2011;8;Subsecção;0;13121100702
2011;8;Subsecção;47;13121100703
2011;8;Subsecção;459;13121100704
2011;8;Subsecção;45;13121100801
2011;8;Subsecção;48;13121100802
2011;8;Subsecção;229;13121100803
2011;8;Subsecção;478;13121100804
2011;8;Subsecção;708;13121100901
2011;8;Subsecção;152;13121101001
2011;8;Subsecção;200;13121101002
2011;8;Subsecção;4;13121101003
2011;8;Subsecção;217;13121101004
2011;8;Subsecção;398;13121101101
2011;8;Subsecção;0;13121101102
2011;8;Subsecção;199;13121101103
2011;8;Subsecção;117;13121101104
2011;8;Subsecção;143;13121101105
2011;8;Subsecção;0;13121101106
2011;8;Subsecção;387;13121101107
2011;8;Subsecção;685;13121101201
2011;8;Subsecção;258;13121101301
2011;8;Subsecção;45;13121101302
2011;8;Subsecção;28;13121101303
2011;8;Subsecção;19;13121101304
2011;8;Subsecção;513;13121101305
2011;8;Subsecção;486;13121101401
2011;8;Subsecção;92;13121101402
2011;8;Subsecção;2;13121101501
2011;8;Subsecção;0;13121101502
2011;8;Subsecção;123;13121101503
2011;8;Subsecção;359;13121101504
2011;8;Subsecção;82;13121101505
2011;8;Subsecção;257;13121101506
2011;8;Subsecção;307;13121101601
2011;8;Subsecção;87;13121101602
2011;8;Subsecção;39;13121101603
2011;8;Subsecção;100;13121101604
2011;8;Subsecção;40;13121101605
2011;8;Subsecção;11;13121101606
2011;8;Subsecção;7;13121101607
2011;8;Subsecção;0;13121101608
2011;8;Subsecção;26;13121101609
2011;8;Subsecção;390;13121101701
2011;8;Subsecção;435;13121101801
2011;8;Subsecção;99;13121101901
2011;8;Subsecção;205;13121101902
2011;8;Subsecção;132;13121102001
2011;8;Subsecção;413;13121102002
2011;8;Subsecção;248;13121102101
2011;8;Subsecção;0;13121102102
2011;8;Subsecção;152;13121102103
2011;8;Subsecção;164;13121102104
2011;8;Subsecção;38;13121102201
2011;8;Subsecção;14;13121102202
2011;8;Subsecção;29;13121102203
2011;8;Subsecção;73;13121102204
2011;8;Subsecção;17;13121102205
2011;8;Subsecção;16;13121102206
2011;8;Subsecção;133;13121102207
2011;8;Subsecção;26;13121102208
2011;8;Subsecção;35;13121102209
2011;8;Subsecção;88;13121102210
2011;8;Subsecção;41;13121102211
2011;8;Subsecção;43;13121102212
2011;8;Subsecção;72;13121102213
2011;8;Subsecção;630;13121102301
2011;8;Subsecção;199;13121102302
2011;8;Subsecção;0;13121102303
2011;8;Subsecção;554;13121102401
2011;8;Subsecção;216;13121102501
2011;8;Subsecção;55;13121102502
2011;8;Subsecção;156;13121102503
2011;8;Subsecção;71;13121102504
2011;8;Subsecção;349;13121102601
2011;8;Subsecção;156;13121102602
2011;8;Subsecção;245;13121102701
2011;8;Subsecção;31;13121102702
2011;8;Subsecção;294;13121102801
2011;8;Subsecção;149;13121102802
2011;8;Subsecção;284;13121102803
2011;8;Subsecção;779;13121102901
2011;8;Subsecção;271;13121103001
2011;8;Subsecção;75;13121103002
2011;8;Subsecção;98;13121103003
2011;8;Subsecção;273;13121103004
2011;8;Subsecção;188;13121103101
2011;8;Subsecção;125;13121103102
2011;8;Subsecção;50;13121103103
2011;8;Subsecção;187;13121103104
2011;8;Subsecção;0;13121103201
2011;8;Subsecção;21;13121103202
2011;8;Subsecção;35;13121103203
2011;8;Subsecção;81;13121103204
2011;8;Subsecção;269;13121103205
2011;8;Subsecção;36;13121103206
2011;8;Subsecção;0;13121103301
2011;8;Subsecção;108;13121103302
2011;8;Subsecção;78;13121103303
2011;8;Subsecção;137;13121103304
2011;8;Subsecção;62;13121103305
2011;8;Subsecção;80;13121103306
2011;8;Subsecção;75;13121103307
2011;8;Subsecção;138;13121103308
2011;8;Subsecção;56;13121103401
2011;8;Subsecção;271;13121103402
2011;8;Subsecção;128;13121103403
2011;8;Subsecção;57;13121103404
2011;8;Subsecção;74;13121103405
2011;8;Subsecção;40;13121103406
2011;8;Subsecção;36;13121103407
2011;8;Subsecção;121;13121103501
2011;8;Subsecção;454;13121103502
2011;8;Subsecção;160;13121103601
2011;8;Subsecção;177;13121103602
2011;8;Subsecção;181;13121103603
2011;8;Subsecção;188;13121103604
2011;8;Subsecção;378;13121103701
2011;8;Subsecção;208;13121103801
2011;8;Subsecção;157;13121103802
2011;8;Subsecção;216;13121103803
2011;8;Subsecção;286;13121103901
2011;8;Subsecção;0;13121103902
2011;8;Subsecção;253;13121103903
2011;8;Subsecção;59;13121103904
2011;8;Subsecção;224;13121104001
2011;8;Subsecção;273;13121104002
2011;8;Subsecção;39;13121104003
2011;8;Subsecção;37;13121104004
2011;8;Subsecção;177;13121104101
2011;8;Subsecção;84;13121104102
2011;8;Subsecção;132;13121104103
2011;8;Subsecção;119;13121104104
2011;8;Subsecção;83;13121104105
2011;8;Subsecção;248;13121104201
2011;8;Subsecção;11;13121104202
2011;8;Subsecção;475;13121104203
2011;8;Subsecção;143;13121104301
2011;8;Subsecção;59;13121104302
2011;8;Subsecção;173;13121104303
2011;8;Subsecção;95;13121104304
2011;8;Subsecção;144;13121104305
2011;8;Subsecção;29;13121104306
2011;8;Subsecção;59;13121104307
2011;8;Subsecção;160;13121104401
2011;8;Subsecção;256;13121104402
2011;8;Subsecção;11;13121104501
2011;8;Subsecção;179;13121104502
2011;8;Subsecção;249;13121104503
2011;8;Subsecção;116;13121104601
2011;8;Subsecção;49;13121104602
2011;8;Subsecção;35;13121104603
2011;8;Subsecção;58;13121104604
2011;8;Subsecção;0;13121104605
2011;8;Subsecção;107;13121104606
2011;8;Subsecção;15;13121104607
2011;8;Subsecção;22;13121104608
2011;8;Subsecção;67;13121104609
2011;8;Subsecção;41;13121104610
2011;8;Subsecção;496;13121104701
2011;8;Subsecção;38;13121104801
2011;8;Subsecção;46;13121104802
2011;8;Subsecção;29;13121104803
2011;8;Subsecção;39;13121104804
2011;8;Subsecção;54;13121104805
2011;8;Subsecção;50;13121104806
2011;8;Subsecção;419;13121104807
2011;8;Subsecção;202;13121104808
2011;8;Subsecção;4;13121104809
2011;8;Subsecção;5;13121104810
2011;8;Subsecção;4;13121104811
2011;8;Subsecção;0;13121104812
2011;8;Subsecção;16;13121104813
2011;8;Subsecção;112;13121104901
2011;8;Subsecção;64;13121104902
2011;8;Subsecção;142;13121104903
2011;8;Subsecção;146;13121104904
2011;8;Subsecção;22;13121104905
2011;8;Subsecção;430;13121105001
2011;8;Subsecção;294;13121105002
2011;8;Subsecção;534;13121105101
2011;8;Subsecção;285;13121105201
2011;8;Subsecção;232;13121105202
2011;8;Subsecção;135;13121105301
2011;8;Subsecção;4;13121105302
2011;8;Subsecção;0;13121105303
2011;8;Subsecção;24;13121105304
2011;8;Subsecção;49;13121105305
2011;8;Subsecção;250;13121105306
2011;8;Subsecção;45;13121105307
2011;8;Subsecção;539;13121105401
2011;8;Subsecção;114;13121105501
2011;8;Subsecção;235;13121105502
2011;8;Subsecção;307;13121105503
2011;8;Subsecção;699;13121105601
2011;8;Subsecção;142;13121105701
2011;8;Subsecção;326;13121105702
2011;8;Subsecção;108;13121105801
2011;8;Subsecção;10;13121105802
2011;8;Subsecção;113;13121105803
2011;8;Subsecção;127;13121105804
2011;8;Subsecção;690;13121105901
2011;8;Subsecção;88;13121106001
2011;8;Subsecção;5;13121106002
2011;8;Subsecção;232;13121106003
2011;8;Subsecção;117;13121106004
2011;8;Subsecção;59;13121106005
2011;8;Subsecção;79;13121106006
2011;8;Subsecção;71;13121106007
2011;8;Subsecção;0;13121106008
2011;8;Subsecção;72;13121106101
2011;8;Subsecção;123;13121106102
2011;8;Subsecção;146;13121106103
2011;8;Subsecção;169;13121106104
2011;8;Subsecção;744;13121106201
2011;8;Subsecção;230;13121200101
2011;8;Subsecção;294;13121200102
2011;8;Subsecção;0;13121200103
2011;8;Subsecção;148;13121200201
2011;8;Subsecção;155;13121200202
2011;8;Subsecção;195;13121200203
2011;8;Subsecção;355;13121200301
2011;8;Subsecção;184;13121200302
2011;8;Subsecção;41;13121200401
2011;8;Subsecção;247;13121200402
2011;8;Subsecção;115;13121200403
2011;8;Subsecção;199;13121200501
2011;8;Subsecção;308;13121200502
2011;8;Subsecção;278;13121200601
2011;8;Subsecção;131;13121200602
2011;8;Subsecção;17;13121200603
2011;8;Subsecção;233;13121200701
2011;8;Subsecção;129;13121200702
2011;8;Subsecção;223;13121200801
2011;8;Subsecção;220;13121200802
2011;8;Subsecção;161;13121200901
2011;8;Subsecção;65;13121200902
2011;8;Subsecção;83;13121200903
2011;8;Subsecção;28;13121200904
2011;8;Subsecção;95;13121201001
2011;8;Subsecção;62;13121201002
2011;8;Subsecção;49;13121201003
2011;8;Subsecção;61;13121201004
2011;8;Subsecção;116;13121201005
2011;8;Subsecção;145;13121201006
2011;8;Subsecção;34;13121201101
2011;8;Subsecção;99;13121201102
2011;8;Subsecção;11;13121201103
2011;8;Subsecção;257;13121201104
2011;8;Subsecção;104;13121201201
2011;8;Subsecção;84;13121201202
2011;8;Subsecção;182;13121201203
2011;8;Subsecção;55;13121201204
2011;8;Subsecção;275;13121201301
2011;8;Subsecção;100;13121201302
2011;8;Subsecção;88;13121201303
2011;8;Subsecção;2;13121201304
2011;8;Subsecção;320;13121201401
2011;8;Subsecção;84;13121201402
2011;8;Subsecção;80;13121201501
2011;8;Subsecção;151;13121201502
2011;8;Subsecção;37;13121201503
2011;8;Subsecção;18;13121201504
2011;8;Subsecção;6;13121201505
2011;8;Subsecção;10;13121201506
2011;8;Subsecção;0;13121201507
2011;8;Subsecção;73;13121201508
2011;8;Subsecção;141;13121201601
2011;8;Subsecção;81;13121201602
2011;8;Subsecção;133;13121201603
2011;8;Subsecção;20;13121201604
2011;8;Subsecção;85;13121201605
2011;8;Subsecção;151;13121201701
2011;8;Subsecção;40;13121201702
2011;8;Subsecção;61;13121201703
2011;8;Subsecção;82;13121201704
2011;8;Subsecção;21;13121201705
2011;8;Subsecção;96;13121201801
2011;8;Subsecção;0;13121201802
2011;8;Subsecção;33;13121201803
2011;8;Subsecção;26;13121201804
2011;8;Subsecção;5;13121201805
2011;8;Subsecção;7;13121201806
2011;8;Subsecção;16;13121201807
2011;8;Subsecção;31;13121201808
2011;8;Subsecção;200;13121201901
2011;8;Subsecção;123;13121201902
2011;8;Subsecção;36;13121201903
2011;8;Subsecção;0;13121202001
2011;8;Subsecção;5;13121202002
2011;8;Subsecção;14;13121202003
2011;8;Subsecção;9;13121202004
2011;8;Subsecção;0;13121202005
2011;8;Subsecção;9;13121202006
2011;8;Subsecção;0;13121202007
2011;8;Subsecção;3;13121202008
2011;8;Subsecção;0;13121202009
2011;8;Subsecção;0;13121202010
2011;8;Subsecção;52;13121202011
2011;8;Subsecção;12;13121202012
2011;8;Subsecção;1;13121202013
2011;8;Subsecção;0;13121202014
2011;8;Subsecção;141;13121202015
2011;8;Subsecção;29;13121202016
2011;8;Subsecção;196;13121202101
2011;8;Subsecção;133;13121202102
2011;8;Subsecção;155;13121202201
2011;8;Subsecção;126;13121202202
2011;8;Subsecção;0;13121202203
2011;8;Subsecção;119;13121202204
2011;8;Subsecção;229;13121300101
2011;8;Subsecção;238;13121300102
2011;8;Subsecção;37;13121300201
2011;8;Subsecção;15;13121300202
2011;8;Subsecção;88;13121300203
2011;8;Subsecção;63;13121300204
2011;8;Subsecção;101;13121300205
2011;8;Subsecção;50;13121300206
2011;8;Subsecção;0;13121300207
2011;8;Subsecção;21;13121300208
2011;8;Subsecção;10;13121300209
2011;8;Subsecção;20;13121300210
2011;8;Subsecção;98;13121300301
2011;8;Subsecção;46;13121300302
2011;8;Subsecção;94;13121300303
2011;8;Subsecção;11;13121300304
2011;8;Subsecção;85;13121300305
2011;8;Subsecção;155;13121300306
2011;8;Subsecção;14;13121300307
2011;8;Subsecção;44;13121300308
2011;8;Subsecção;40;13121300309
2011;8;Subsecção;52;13121300401
2011;8;Subsecção;147;13121300402
2011;8;Subsecção;0;13121300403
2011;8;Subsecção;57;13121300404
2011;8;Subsecção;18;13121300405
2011;8;Subsecção;35;13121300406
2011;8;Subsecção;24;13121300407
2011;8;Subsecção;12;13121300408
2011;8;Subsecção;18;13121300409
2011;8;Subsecção;42;13121300410
2011;8;Subsecção;42;13121300411
2011;8;Subsecção;5;13121400101
2011;8;Subsecção;160;13121400102
2011;8;Subsecção;46;13121400103
2011;8;Subsecção;13;13121400104
2011;8;Subsecção;87;13121400105
2011;8;Subsecção;5;13121400106
2011;8;Subsecção;1;13121400107
2011;8;Subsecção;37;13121400108
2011;8;Subsecção;62;13121400201
2011;8;Subsecção;33;13121400202
2011;8;Subsecção;12;13121400203
2011;8;Subsecção;204;13121400204
2011;8;Subsecção;56;13121400205
2011;8;Subsecção;142;13121400301
2011;8;Subsecção;127;13121400302
2011;8;Subsecção;33;13121400303
2011;8;Subsecção;88;13121400304
2011;8;Subsecção;0;13121400401
2011;8;Subsecção;69;13121400402
2011;8;Subsecção;56;13121400403
2011;8;Subsecção;173;13121400404
2011;8;Subsecção;39;13121400405
2011;8;Subsecção;36;13121400501
2011;8;Subsecção;183;13121400502
2011;8;Subsecção;0;13121400503
2011;8;Subsecção;154;13121400504
2011;8;Subsecção;23;13121400505
2011;8;Subsecção;130;13121400506
2011;8;Subsecção;0;13121400507
2011;8;Subsecção;143;13121400601
2011;8;Subsecção;15;13121400602
2011;8;Subsecção;40;13121400603
2011;8;Subsecção;54;13121400604
2011;8;Subsecção;34;13121400701
2011;8;Subsecção;30;13121400702
2011;8;Subsecção;21;13121400703
2011;8;Subsecção;24;13121400704
2011;8;Subsecção;3;13121400705
2011;8;Subsecção;20;13121400706
2011;8;Subsecção;217;13121400707
2011;8;Subsecção;42;13121400708
2011;8;Subsecção;149;13121400709
2011;8;Subsecção;74;13121400801
2011;8;Subsecção;126;13121400802
2011;8;Subsecção;10;13121400803
2011;8;Subsecção;123;13121400804
2011;8;Subsecção;10;13121400805
2011;8;Subsecção;9;13121400806
2011;8;Subsecção;0;13121400807
2011;8;Subsecção;38;13121400808
2011;8;Subsecção;97;13121400901
2011;8;Subsecção;207;13121400902
2011;8;Subsecção;0;13121400903
2011;8;Subsecção;63;13121500101
2011;8;Subsecção;99;13121500102
2011;8;Subsecção;23;13121500103
2011;8;Subsecção;31;13121500104
2011;8;Subsecção;65;13121500105
2011;8;Subsecção;64;13121500106
2011;8;Subsecção;0;13121500107
2011;8;Subsecção;37;13121500108
2011;8;Subsecção;50;13121500201
2011;8;Subsecção;14;13121500202
2011;8;Subsecção;8;13121500203
2011;8;Subsecção;8;13121500204
2011;8;Subsecção;0;13121500205
2011;8;Subsecção;2;13121500206
2011;8;Subsecção;65;13121500207
2011;8;Subsecção;0;13121500208
2011;8;Subsecção;0;13121500209
2011;8;Subsecção;102;13121500210
2011;8;Subsecção;58;13121500301
2011;8;Subsecção;0;13121500302
2011;8;Subsecção;0;13121500303
2011;8;Subsecção;131;13121500304
2011;8;Subsecção;268;13121500305
2011;8;Subsecção;10;13121500401
2011;8;Subsecção;21;13121500402
2011;8;Subsecção;41;13121500403
2011;8;Subsecção;87;13121500404
2011;8;Subsecção;98;13121500405
2011;8;Subsecção;67;13121500406
2011;8;Subsecção;197;13121500501
2011;8;Subsecção;83;13121500502
2011;8;Subsecção;6;13121500503
2011;8;Subsecção;103;13121500504
2011;8;Subsecção;100;13121500505
