ANO;GEO_COD;NIVEL;NIVEL_DSG;RESIDENT
2011;13120100101;8;Subsecção;60
2011;13120100102;8;Subsecção;244
2011;13120100103;8;Subsecção;351
2011;13120100104;8;Subsecção;47
2011;13120100105;8;Subsecção;343
2011;13120100201;8;Subsecção;20
2011;13120100202;8;Subsecção;95
2011;13120100203;8;Subsecção;73
2011;13120100204;8;Subsecção;101
2011;13120100205;8;Subsecção;28
2011;13120100206;8;Subsecção;302
2011;13120100301;8;Subsecção;125
2011;13120100302;8;Subsecção;71
2011;13120100303;8;Subsecção;69
2011;13120100304;8;Subsecção;48
2011;13120100305;8;Subsecção;53
2011;13120100306;8;Subsecção;60
2011;13120100307;8;Subsecção;36
2011;13120100401;8;Subsecção;158
2011;13120100402;8;Subsecção;111
2011;13120100403;8;Subsecção;267
2011;13120100404;8;Subsecção;108
2011;13120100501;8;Subsecção;225
2011;13120100502;8;Subsecção;0
2011;13120100503;8;Subsecção;224
2011;13120100504;8;Subsecção;79
2011;13120100505;8;Subsecção;49
2011;13120100506;8;Subsecção;179
2011;13120100601;8;Subsecção;233
2011;13120100602;8;Subsecção;162
2011;13120100603;8;Subsecção;171
2011;13120100604;8;Subsecção;97
2011;13120100701;8;Subsecção;222
2011;13120100702;8;Subsecção;137
2011;13120100703;8;Subsecção;237
2011;13120100704;8;Subsecção;10
2011;13120100705;8;Subsecção;35
2011;13120100801;8;Subsecção;132
2011;13120100802;8;Subsecção;157
2011;13120100803;8;Subsecção;99
2011;13120100804;8;Subsecção;65
2011;13120100805;8;Subsecção;155
2011;13120100901;8;Subsecção;44
2011;13120100902;8;Subsecção;372
2011;13120100903;8;Subsecção;124
2011;13120100904;8;Subsecção;0
2011;13120101001;8;Subsecção;210
2011;13120101002;8;Subsecção;87
2011;13120101003;8;Subsecção;259
2011;13120101004;8;Subsecção;97
2011;13120101005;8;Subsecção;71
2011;13120101006;8;Subsecção;0
2011;13120101007;8;Subsecção;80
2011;13120101101;8;Subsecção;243
2011;13120101102;8;Subsecção;69
2011;13120101103;8;Subsecção;355
2011;13120101201;8;Subsecção;134
2011;13120101202;8;Subsecção;199
2011;13120101203;8;Subsecção;93
2011;13120101204;8;Subsecção;96
2011;13120101205;8;Subsecção;58
2011;13120101206;8;Subsecção;60
2011;13120101301;8;Subsecção;83
2011;13120101302;8;Subsecção;288
2011;13120101303;8;Subsecção;100
2011;13120101304;8;Subsecção;97
2011;13120101305;8;Subsecção;53
2011;13120101306;8;Subsecção;38
2011;13120101307;8;Subsecção;55
2011;13120101401;8;Subsecção;152
2011;13120101402;8;Subsecção;261
2011;13120101403;8;Subsecção;95
2011;13120101404;8;Subsecção;117
2011;13120101501;8;Subsecção;431
2011;13120101502;8;Subsecção;211
2011;13120101503;8;Subsecção;0
2011;13120101504;8;Subsecção;127
2011;13120101505;8;Subsecção;65
2011;13120101506;8;Subsecção;77
2011;13120101601;8;Subsecção;90
2011;13120101602;8;Subsecção;49
2011;13120101603;8;Subsecção;49
2011;13120101604;8;Subsecção;123
2011;13120101605;8;Subsecção;26
2011;13120101606;8;Subsecção;77
2011;13120101607;8;Subsecção;224
2011;13120101608;8;Subsecção;95
2011;13120101701;8;Subsecção;48
2011;13120101702;8;Subsecção;165
2011;13120101703;8;Subsecção;28
2011;13120101704;8;Subsecção;74
2011;13120101705;8;Subsecção;116
2011;13120101706;8;Subsecção;20
2011;13120101707;8;Subsecção;132
2011;13120101801;8;Subsecção;375
2011;13120101802;8;Subsecção;136
2011;13120101901;8;Subsecção;303
2011;13120101902;8;Subsecção;237
2011;13120101903;8;Subsecção;91
2011;13120101904;8;Subsecção;46
2011;13120200101;8;Subsecção;415
2011;13120200102;8;Subsecção;40
2011;13120200103;8;Subsecção;35
2011;13120200104;8;Subsecção;73
2011;13120200105;8;Subsecção;41
2011;13120200106;8;Subsecção;43
2011;13120200107;8;Subsecção;19
2011;13120200201;8;Subsecção;25
2011;13120200202;8;Subsecção;58
2011;13120200203;8;Subsecção;0
2011;13120200204;8;Subsecção;40
2011;13120200205;8;Subsecção;25
2011;13120200206;8;Subsecção;102
2011;13120200207;8;Subsecção;0
2011;13120200208;8;Subsecção;54
2011;13120200209;8;Subsecção;21
2011;13120200210;8;Subsecção;214
2011;13120200301;8;Subsecção;137
2011;13120200302;8;Subsecção;199
2011;13120200401;8;Subsecção;492
2011;13120200501;8;Subsecção;142
2011;13120200502;8;Subsecção;97
2011;13120200503;8;Subsecção;147
2011;13120200504;8;Subsecção;138
2011;13120200601;8;Subsecção;74
2011;13120200602;8;Subsecção;73
2011;13120200603;8;Subsecção;65
2011;13120200604;8;Subsecção;58
2011;13120200605;8;Subsecção;34
2011;13120200606;8;Subsecção;133
2011;13120200607;8;Subsecção;177
2011;13120200608;8;Subsecção;13
2011;13120200609;8;Subsecção;79
2011;13120200701;8;Subsecção;275
2011;13120200702;8;Subsecção;345
2011;13120200703;8;Subsecção;100
2011;13120200801;8;Subsecção;145
2011;13120200802;8;Subsecção;223
2011;13120200803;8;Subsecção;14
2011;13120200901;8;Subsecção;505
2011;13120200902;8;Subsecção;339
2011;13120201001;8;Subsecção;296
2011;13120201002;8;Subsecção;58
2011;13120201003;8;Subsecção;218
2011;13120201101;8;Subsecção;437
2011;13120201201;8;Subsecção;261
2011;13120201202;8;Subsecção;330
2011;13120201301;8;Subsecção;505
2011;13120201401;8;Subsecção;116
2011;13120201402;8;Subsecção;171
2011;13120201403;8;Subsecção;77
2011;13120201501;8;Subsecção;151
2011;13120201502;8;Subsecção;186
2011;13120201503;8;Subsecção;41
2011;13120201601;8;Subsecção;0
2011;13120201602;8;Subsecção;334
2011;13120201603;8;Subsecção;164
2011;13120201701;8;Subsecção;216
2011;13120201702;8;Subsecção;41
2011;13120201703;8;Subsecção;209
2011;13120201801;8;Subsecção;142
2011;13120201802;8;Subsecção;306
2011;13120201901;8;Subsecção;147
2011;13120201902;8;Subsecção;195
2011;13120201903;8;Subsecção;40
2011;13120202001;8;Subsecção;524
2011;13120202101;8;Subsecção;341
2011;13120202102;8;Subsecção;48
2011;13120202201;8;Subsecção;79
2011;13120202202;8;Subsecção;178
2011;13120202203;8;Subsecção;192
2011;13120202301;8;Subsecção;427
2011;13120202302;8;Subsecção;42
2011;13120202303;8;Subsecção;59
2011;13120202401;8;Subsecção;415
2011;13120202501;8;Subsecção;162
2011;13120202502;8;Subsecção;403
2011;13120202601;8;Subsecção;223
2011;13120202602;8;Subsecção;78
2011;13120202603;8;Subsecção;45
2011;13120202604;8;Subsecção;34
2011;13120202605;8;Subsecção;79
2011;13120202701;8;Subsecção;315
2011;13120202702;8;Subsecção;18
2011;13120202703;8;Subsecção;273
2011;13120202801;8;Subsecção;167
2011;13120202802;8;Subsecção;182
2011;13120202901;8;Subsecção;82
2011;13120202902;8;Subsecção;196
2011;13120202903;8;Subsecção;34
2011;13120202904;8;Subsecção;177
2011;13120202905;8;Subsecção;93
2011;13120203001;8;Subsecção;233
2011;13120203002;8;Subsecção;261
2011;13120203101;8;Subsecção;121
2011;13120203102;8;Subsecção;428
2011;13120203103;8;Subsecção;25
2011;13120203201;8;Subsecção;6
2011;13120203202;8;Subsecção;492
2011;13120203301;8;Subsecção;154
2011;13120203302;8;Subsecção;423
2011;13120203303;8;Subsecção;2
2011;13120203401;8;Subsecção;94
2011;13120203402;8;Subsecção;222
2011;13120203403;8;Subsecção;99
2011;13120203501;8;Subsecção;308
2011;13120203502;8;Subsecção;86
2011;13120203601;8;Subsecção;253
2011;13120203602;8;Subsecção;337
2011;13120203701;8;Subsecção;188
2011;13120203702;8;Subsecção;102
2011;13120203703;8;Subsecção;118
2011;13120203801;8;Subsecção;366
2011;13120203802;8;Subsecção;81
2011;13120203901;8;Subsecção;61
2011;13120203902;8;Subsecção;131
2011;13120203903;8;Subsecção;194
2011;13120204001;8;Subsecção;336
2011;13120204002;8;Subsecção;197
2011;13120204003;8;Subsecção;75
2011;13120204101;8;Subsecção;19
2011;13120204102;8;Subsecção;53
2011;13120204103;8;Subsecção;61
2011;13120204104;8;Subsecção;165
2011;13120204105;8;Subsecção;125
2011;13120204201;8;Subsecção;108
2011;13120204202;8;Subsecção;27
2011;13120204203;8;Subsecção;127
2011;13120204204;8;Subsecção;129
2011;13120204205;8;Subsecção;102
2011;13120204206;8;Subsecção;117
2011;13120204301;8;Subsecção;215
2011;13120204302;8;Subsecção;91
2011;13120204303;8;Subsecção;77
2011;13120204304;8;Subsecção;0
2011;13120204401;8;Subsecção;129
2011;13120204402;8;Subsecção;94
2011;13120204403;8;Subsecção;103
2011;13120204404;8;Subsecção;135
2011;13120204501;8;Subsecção;65
2011;13120204502;8;Subsecção;96
2011;13120204503;8;Subsecção;0
2011;13120204504;8;Subsecção;22
2011;13120204601;8;Subsecção;342
2011;13120204602;8;Subsecção;147
2011;13120204701;8;Subsecção;126
2011;13120204702;8;Subsecção;184
2011;13120204703;8;Subsecção;56
2011;13120204801;8;Subsecção;655
2011;13120204901;8;Subsecção;0
2011;13120204902;8;Subsecção;458
2011;13120204903;8;Subsecção;128
2011;13120300101;8;Subsecção;96
2011;13120300102;8;Subsecção;90
2011;13120300103;8;Subsecção;85
2011;13120300104;8;Subsecção;33
2011;13120300105;8;Subsecção;36
2011;13120300106;8;Subsecção;45
2011;13120300201;8;Subsecção;181
2011;13120300202;8;Subsecção;304
2011;13120300203;8;Subsecção;32
2011;13120300204;8;Subsecção;70
2011;13120300205;8;Subsecção;5
2011;13120300301;8;Subsecção;27
2011;13120300302;8;Subsecção;0
2011;13120300303;8;Subsecção;51
2011;13120300304;8;Subsecção;0
2011;13120300305;8;Subsecção;0
2011;13120300306;8;Subsecção;0
2011;13120300307;8;Subsecção;0
2011;13120300308;8;Subsecção;27
2011;13120300309;8;Subsecção;40
2011;13120300310;8;Subsecção;4
2011;13120300401;8;Subsecção;99
2011;13120300402;8;Subsecção;7
2011;13120300403;8;Subsecção;47
2011;13120300404;8;Subsecção;29
2011;13120300405;8;Subsecção;73
2011;13120300406;8;Subsecção;62
2011;13120300407;8;Subsecção;20
2011;13120300408;8;Subsecção;18
2011;13120300409;8;Subsecção;19
2011;13120300410;8;Subsecção;76
2011;13120300411;8;Subsecção;32
2011;13120300412;8;Subsecção;42
2011;13120300501;8;Subsecção;57
2011;13120300502;8;Subsecção;217
2011;13120300503;8;Subsecção;223
2011;13120300601;8;Subsecção;599
2011;13120300602;8;Subsecção;53
2011;13120300701;8;Subsecção;73
2011;13120300702;8;Subsecção;11
2011;13120300703;8;Subsecção;0
2011;13120300704;8;Subsecção;48
2011;13120300705;8;Subsecção;257
2011;13120300706;8;Subsecção;66
2011;13120300707;8;Subsecção;65
2011;13120300708;8;Subsecção;13
2011;13120300709;8;Subsecção;26
2011;13120300710;8;Subsecção;219
2011;13120300801;8;Subsecção;0
2011;13120300802;8;Subsecção;44
2011;13120300803;8;Subsecção;83
2011;13120300804;8;Subsecção;15
2011;13120300805;8;Subsecção;25
2011;13120300806;8;Subsecção;21
2011;13120300807;8;Subsecção;7
2011;13120300808;8;Subsecção;315
2011;13120300809;8;Subsecção;37
2011;13120300901;8;Subsecção;174
2011;13120300902;8;Subsecção;361
2011;13120300903;8;Subsecção;361
2011;13120300904;8;Subsecção;114
2011;13120301001;8;Subsecção;17
2011;13120301002;8;Subsecção;60
2011;13120301003;8;Subsecção;66
2011;13120301004;8;Subsecção;191
2011;13120301005;8;Subsecção;106
2011;13120301006;8;Subsecção;22
2011;13120301101;8;Subsecção;31
2011;13120301102;8;Subsecção;53
2011;13120301103;8;Subsecção;59
2011;13120301104;8;Subsecção;74
2011;13120301105;8;Subsecção;84
2011;13120301106;8;Subsecção;92
2011;13120301107;8;Subsecção;152
2011;13120301201;8;Subsecção;123
2011;13120301202;8;Subsecção;106
2011;13120301203;8;Subsecção;129
2011;13120301204;8;Subsecção;28
2011;13120301205;8;Subsecção;108
2011;13120301206;8;Subsecção;27
2011;13120301207;8;Subsecção;24
2011;13120301208;8;Subsecção;30
2011;13120301209;8;Subsecção;41
2011;13120301210;8;Subsecção;34
2011;13120301211;8;Subsecção;27
2011;13120301301;8;Subsecção;506
2011;13120301401;8;Subsecção;119
2011;13120301402;8;Subsecção;257
2011;13120301403;8;Subsecção;13
2011;13120301404;8;Subsecção;38
2011;13120301405;8;Subsecção;124
2011;13120301501;8;Subsecção;42
2011;13120301502;8;Subsecção;8
2011;13120301503;8;Subsecção;17
2011;13120301504;8;Subsecção;37
2011;13120301505;8;Subsecção;149
2011;13120301506;8;Subsecção;98
2011;13120301507;8;Subsecção;176
2011;13120301508;8;Subsecção;72
2011;13120301601;8;Subsecção;282
2011;13120301602;8;Subsecção;42
2011;13120301603;8;Subsecção;310
2011;13120301604;8;Subsecção;246
2011;13120301605;8;Subsecção;82
2011;13120301701;8;Subsecção;229
2011;13120301702;8;Subsecção;165
2011;13120301703;8;Subsecção;68
2011;13120301704;8;Subsecção;39
2011;13120301705;8;Subsecção;50
2011;13120301801;8;Subsecção;362
2011;13120301802;8;Subsecção;20
2011;13120301803;8;Subsecção;58
2011;13120301804;8;Subsecção;14
2011;13120301805;8;Subsecção;11
2011;13120301806;8;Subsecção;13
2011;13120301807;8;Subsecção;7
2011;13120301808;8;Subsecção;7
2011;13120301809;8;Subsecção;3
2011;13120301810;8;Subsecção;8
2011;13120301811;8;Subsecção;5
2011;13120301901;8;Subsecção;188
2011;13120301902;8;Subsecção;105
2011;13120301903;8;Subsecção;85
2011;13120301904;8;Subsecção;11
2011;13120301905;8;Subsecção;11
2011;13120301906;8;Subsecção;22
2011;13120301907;8;Subsecção;63
2011;13120302001;8;Subsecção;121
2011;13120302002;8;Subsecção;60
2011;13120302003;8;Subsecção;66
2011;13120302004;8;Subsecção;238
2011;13120302005;8;Subsecção;39
2011;13120302101;8;Subsecção;67
2011;13120302102;8;Subsecção;332
2011;13120302103;8;Subsecção;213
2011;13120302104;8;Subsecção;90
2011;13120302105;8;Subsecção;2
2011;13120302106;8;Subsecção;28
2011;13120302107;8;Subsecção;34
2011;13120302108;8;Subsecção;21
2011;13120302109;8;Subsecção;39
2011;13120302201;8;Subsecção;84
2011;13120302202;8;Subsecção;142
2011;13120302203;8;Subsecção;47
2011;13120302204;8;Subsecção;874
2011;13120302205;8;Subsecção;54
2011;13120302206;8;Subsecção;0
2011;13120302301;8;Subsecção;116
2011;13120302302;8;Subsecção;71
2011;13120302303;8;Subsecção;38
2011;13120302304;8;Subsecção;34
2011;13120302305;8;Subsecção;101
2011;13120302401;8;Subsecção;41
2011;13120302402;8;Subsecção;36
2011;13120302403;8;Subsecção;223
2011;13120302404;8;Subsecção;237
2011;13120302405;8;Subsecção;216
2011;13120302501;8;Subsecção;105
2011;13120302502;8;Subsecção;126
2011;13120302601;8;Subsecção;484
2011;13120302701;8;Subsecção;119
2011;13120302702;8;Subsecção;133
2011;13120302703;8;Subsecção;17
2011;13120302704;8;Subsecção;31
2011;13120302705;8;Subsecção;55
2011;13120302706;8;Subsecção;105
2011;13120302801;8;Subsecção;127
2011;13120302802;8;Subsecção;87
2011;13120302803;8;Subsecção;138
2011;13120302804;8;Subsecção;77
2011;13120302805;8;Subsecção;131
2011;13120302806;8;Subsecção;31
2011;13120302807;8;Subsecção;175
2011;13120302901;8;Subsecção;158
2011;13120302902;8;Subsecção;299
2011;13120302903;8;Subsecção;121
2011;13120303001;8;Subsecção;76
2011;13120303002;8;Subsecção;19
2011;13120303003;8;Subsecção;90
2011;13120303004;8;Subsecção;127
2011;13120303005;8;Subsecção;246
2011;13120303101;8;Subsecção;160
2011;13120303102;8;Subsecção;319
2011;13120303103;8;Subsecção;322
2011;13120303201;8;Subsecção;184
2011;13120303202;8;Subsecção;182
2011;13120303203;8;Subsecção;4
2011;13120303204;8;Subsecção;103
2011;13120303205;8;Subsecção;50
2011;13120303206;8;Subsecção;30
2011;13120303207;8;Subsecção;17
2011;13120303301;8;Subsecção;131
2011;13120303302;8;Subsecção;57
2011;13120303303;8;Subsecção;206
2011;13120303304;8;Subsecção;44
2011;13120303305;8;Subsecção;219
2011;13120303401;8;Subsecção;202
2011;13120303402;8;Subsecção;191
2011;13120303403;8;Subsecção;376
2011;13120303404;8;Subsecção;27
2011;13120303405;8;Subsecção;76
2011;13120303406;8;Subsecção;3
2011;13120303407;8;Subsecção;14
2011;13120303501;8;Subsecção;336
2011;13120303502;8;Subsecção;113
2011;13120303503;8;Subsecção;310
2011;13120303504;8;Subsecção;276
2011;13120303505;8;Subsecção;297
2011;13120303601;8;Subsecção;121
2011;13120303602;8;Subsecção;115
2011;13120303603;8;Subsecção;146
2011;13120303604;8;Subsecção;46
2011;13120303605;8;Subsecção;30
2011;13120303606;8;Subsecção;58
2011;13120303607;8;Subsecção;24
2011;13120303608;8;Subsecção;22
2011;13120303701;8;Subsecção;443
2011;13120303702;8;Subsecção;0
2011;13120303703;8;Subsecção;165
2011;13120303704;8;Subsecção;3
2011;13120303801;8;Subsecção;23
2011;13120303802;8;Subsecção;175
2011;13120303803;8;Subsecção;240
2011;13120303804;8;Subsecção;500
2011;13120303901;8;Subsecção;0
2011;13120303902;8;Subsecção;223
2011;13120303903;8;Subsecção;276
2011;13120303904;8;Subsecção;92
2011;13120303905;8;Subsecção;19
2011;13120303906;8;Subsecção;117
2011;13120304001;8;Subsecção;167
2011;13120304002;8;Subsecção;516
2011;13120304101;8;Subsecção;98
2011;13120304102;8;Subsecção;192
2011;13120304103;8;Subsecção;70
2011;13120304104;8;Subsecção;82
2011;13120304105;8;Subsecção;11
2011;13120304106;8;Subsecção;34
2011;13120304107;8;Subsecção;10
2011;13120304201;8;Subsecção;174
2011;13120304202;8;Subsecção;117
2011;13120304203;8;Subsecção;50
2011;13120304204;8;Subsecção;0
2011;13120304205;8;Subsecção;0
2011;13120304206;8;Subsecção;0
2011;13120304207;8;Subsecção;38
2011;13120304301;8;Subsecção;146
2011;13120304302;8;Subsecção;130
2011;13120304303;8;Subsecção;0
2011;13120304304;8;Subsecção;0
2011;13120304305;8;Subsecção;0
2011;13120304306;8;Subsecção;115
2011;13120304307;8;Subsecção;1
2011;13120304401;8;Subsecção;0
2011;13120304402;8;Subsecção;21
2011;13120304403;8;Subsecção;36
2011;13120304404;8;Subsecção;222
2011;13120304405;8;Subsecção;266
2011;13120304501;8;Subsecção;296
2011;13120304502;8;Subsecção;111
2011;13120304503;8;Subsecção;247
2011;13120304504;8;Subsecção;69
2011;13120304601;8;Subsecção;296
2011;13120304602;8;Subsecção;138
2011;13120304603;8;Subsecção;78
2011;13120304604;8;Subsecção;53
2011;13120304701;8;Subsecção;37
2011;13120304702;8;Subsecção;23
2011;13120304703;8;Subsecção;16
2011;13120304704;8;Subsecção;30
2011;13120304705;8;Subsecção;93
2011;13120304706;8;Subsecção;50
2011;13120304707;8;Subsecção;99
2011;13120304801;8;Subsecção;645
2011;13120304802;8;Subsecção;59
2011;13120304901;8;Subsecção;288
2011;13120304902;8;Subsecção;195
2011;13120305001;8;Subsecção;0
2011;13120305002;8;Subsecção;17
2011;13120305003;8;Subsecção;217
2011;13120305004;8;Subsecção;60
2011;13120305005;8;Subsecção;60
2011;13120305006;8;Subsecção;105
2011;13120305007;8;Subsecção;57
2011;13120305101;8;Subsecção;207
2011;13120305102;8;Subsecção;274
2011;13120305103;8;Subsecção;139
2011;13120305201;8;Subsecção;54
2011;13120305202;8;Subsecção;63
2011;13120305203;8;Subsecção;10
2011;13120305204;8;Subsecção;0
2011;13120305205;8;Subsecção;58
2011;13120305206;8;Subsecção;34
2011;13120305207;8;Subsecção;141
2011;13120305208;8;Subsecção;117
2011;13120305209;8;Subsecção;21
2011;13120305210;8;Subsecção;0
2011;13120305211;8;Subsecção;0
2011;13120305212;8;Subsecção;3
2011;13120305213;8;Subsecção;0
2011;13120305301;8;Subsecção;91
2011;13120305302;8;Subsecção;165
2011;13120305303;8;Subsecção;10
2011;13120305304;8;Subsecção;0
2011;13120305305;8;Subsecção;86
2011;13120305306;8;Subsecção;82
2011;13120305401;8;Subsecção;48
2011;13120305402;8;Subsecção;62
2011;13120305403;8;Subsecção;37
2011;13120305404;8;Subsecção;81
2011;13120305405;8;Subsecção;44
2011;13120305406;8;Subsecção;189
2011;13120400101;8;Subsecção;240
2011;13120400102;8;Subsecção;288
2011;13120400201;8;Subsecção;295
2011;13120400202;8;Subsecção;287
2011;13120400301;8;Subsecção;281
2011;13120400302;8;Subsecção;35
2011;13120400303;8;Subsecção;101
2011;13120400304;8;Subsecção;56
2011;13120400401;8;Subsecção;86
2011;13120400402;8;Subsecção;74
2011;13120400403;8;Subsecção;337
2011;13120400501;8;Subsecção;354
2011;13120400601;8;Subsecção;125
2011;13120400602;8;Subsecção;219
2011;13120400603;8;Subsecção;17
2011;13120400604;8;Subsecção;12
2011;13120400605;8;Subsecção;13
2011;13120400606;8;Subsecção;54
2011;13120400607;8;Subsecção;0
2011;13120400701;8;Subsecção;344
2011;13120400702;8;Subsecção;128
2011;13120400801;8;Subsecção;99
2011;13120400802;8;Subsecção;515
2011;13120400803;8;Subsecção;63
2011;13120400804;8;Subsecção;34
2011;13120400901;8;Subsecção;163
2011;13120400902;8;Subsecção;255
2011;13120400903;8;Subsecção;44
2011;13120401001;8;Subsecção;152
2011;13120401002;8;Subsecção;438
2011;13120401101;8;Subsecção;202
2011;13120401102;8;Subsecção;312
2011;13120401201;8;Subsecção;219
2011;13120401202;8;Subsecção;8
2011;13120401203;8;Subsecção;189
2011;13120401204;8;Subsecção;98
2011;13120401301;8;Subsecção;669
2011;13120401401;8;Subsecção;136
2011;13120401402;8;Subsecção;166
2011;13120401403;8;Subsecção;32
2011;13120401404;8;Subsecção;107
2011;13120401501;8;Subsecção;115
2011;13120401502;8;Subsecção;233
2011;13120401503;8;Subsecção;115
2011;13120401601;8;Subsecção;278
2011;13120401602;8;Subsecção;209
2011;13120401603;8;Subsecção;92
2011;13120401701;8;Subsecção;486
2011;13120401801;8;Subsecção;255
2011;13120401802;8;Subsecção;222
2011;13120401901;8;Subsecção;19
2011;13120401902;8;Subsecção;291
2011;13120402001;8;Subsecção;107
2011;13120402002;8;Subsecção;69
2011;13120402003;8;Subsecção;145
2011;13120402004;8;Subsecção;150
2011;13120402101;8;Subsecção;144
2011;13120402102;8;Subsecção;225
2011;13120402201;8;Subsecção;398
2011;13120402301;8;Subsecção;284
2011;13120402302;8;Subsecção;275
2011;13120402401;8;Subsecção;793
2011;13120402501;8;Subsecção;399
2011;13120402601;8;Subsecção;254
2011;13120402602;8;Subsecção;346
2011;13120402701;8;Subsecção;464
2011;13120402702;8;Subsecção;156
2011;13120402703;8;Subsecção;52
2011;13120402801;8;Subsecção;108
2011;13120402802;8;Subsecção;192
2011;13120402803;8;Subsecção;185
2011;13120402804;8;Subsecção;0
2011;13120402901;8;Subsecção;0
2011;13120402902;8;Subsecção;96
2011;13120402903;8;Subsecção;27
2011;13120402904;8;Subsecção;18
2011;13120402905;8;Subsecção;231
2011;13120403001;8;Subsecção;337
2011;13120403002;8;Subsecção;5
2011;13120403003;8;Subsecção;0
2011;13120403101;8;Subsecção;138
2011;13120403102;8;Subsecção;210
2011;13120403201;8;Subsecção;497
2011;13120403301;8;Subsecção;143
2011;13120403302;8;Subsecção;43
2011;13120403303;8;Subsecção;0
2011;13120403304;8;Subsecção;240
2011;13120403401;8;Subsecção;75
2011;13120403402;8;Subsecção;162
2011;13120403403;8;Subsecção;56
2011;13120403501;8;Subsecção;457
2011;13120403601;8;Subsecção;255
2011;13120403602;8;Subsecção;30
2011;13120403603;8;Subsecção;16
2011;13120403604;8;Subsecção;0
2011;13120403605;8;Subsecção;72
2011;13120403701;8;Subsecção;69
2011;13120403702;8;Subsecção;103
2011;13120403703;8;Subsecção;150
2011;13120403704;8;Subsecção;128
2011;13120403801;8;Subsecção;123
2011;13120403802;8;Subsecção;42
2011;13120403803;8;Subsecção;113
2011;13120403804;8;Subsecção;53
2011;13120403805;8;Subsecção;52
2011;13120403901;8;Subsecção;338
2011;13120403902;8;Subsecção;398
2011;13120404001;8;Subsecção;261
2011;13120404101;8;Subsecção;7
2011;13120404102;8;Subsecção;354
2011;13120404201;8;Subsecção;453
2011;13120404301;8;Subsecção;0
2011;13120404302;8;Subsecção;365
2011;13120404401;8;Subsecção;313
2011;13120404402;8;Subsecção;53
2011;13120404403;8;Subsecção;0
2011;13120404501;8;Subsecção;318
2011;13120404502;8;Subsecção;124
2011;13120404601;8;Subsecção;276
2011;13120404602;8;Subsecção;214
2011;13120404701;8;Subsecção;115
2011;13120404702;8;Subsecção;14
2011;13120404703;8;Subsecção;134
2011;13120404704;8;Subsecção;91
2011;13120500101;8;Subsecção;102
2011;13120500102;8;Subsecção;60
2011;13120500103;8;Subsecção;428
2011;13120500104;8;Subsecção;29
2011;13120500105;8;Subsecção;36
2011;13120500106;8;Subsecção;8
2011;13120500201;8;Subsecção;181
2011;13120500202;8;Subsecção;120
2011;13120500203;8;Subsecção;274
2011;13120500204;8;Subsecção;22
2011;13120500205;8;Subsecção;48
2011;13120500206;8;Subsecção;28
2011;13120500207;8;Subsecção;32
2011;13120500208;8;Subsecção;37
2011;13120500209;8;Subsecção;100
2011;13120500210;8;Subsecção;39
2011;13120500211;8;Subsecção;0
2011;13120500301;8;Subsecção;23
2011;13120500302;8;Subsecção;315
2011;13120500303;8;Subsecção;371
2011;13120500401;8;Subsecção;20
2011;13120500402;8;Subsecção;49
2011;13120500403;8;Subsecção;42
2011;13120500404;8;Subsecção;98
2011;13120500405;8;Subsecção;101
2011;13120500406;8;Subsecção;47
2011;13120500407;8;Subsecção;108
2011;13120500408;8;Subsecção;0
2011;13120500409;8;Subsecção;84
2011;13120500410;8;Subsecção;70
2011;13120500501;8;Subsecção;47
2011;13120500502;8;Subsecção;397
2011;13120500503;8;Subsecção;135
2011;13120500504;8;Subsecção;191
2011;13120500505;8;Subsecção;10
2011;13120500601;8;Subsecção;200
2011;13120500602;8;Subsecção;24
2011;13120500603;8;Subsecção;98
2011;13120500604;8;Subsecção;18
2011;13120500605;8;Subsecção;31
2011;13120500701;8;Subsecção;0
2011;13120500702;8;Subsecção;207
2011;13120500703;8;Subsecção;64
2011;13120500704;8;Subsecção;83
2011;13120500705;8;Subsecção;75
2011;13120500801;8;Subsecção;66
2011;13120500802;8;Subsecção;179
2011;13120500803;8;Subsecção;129
2011;13120500804;8;Subsecção;106
2011;13120500805;8;Subsecção;102
2011;13120500806;8;Subsecção;39
2011;13120500807;8;Subsecção;19
2011;13120500901;8;Subsecção;350
2011;13120500902;8;Subsecção;0
2011;13120500903;8;Subsecção;214
2011;13120501001;8;Subsecção;216
2011;13120501002;8;Subsecção;258
2011;13120501003;8;Subsecção;48
2011;13120501004;8;Subsecção;176
2011;13120501005;8;Subsecção;351
2011;13120501101;8;Subsecção;197
2011;13120501102;8;Subsecção;29
2011;13120501103;8;Subsecção;93
2011;13120501104;8;Subsecção;47
2011;13120501105;8;Subsecção;25
2011;13120501106;8;Subsecção;71
2011;13120501107;8;Subsecção;45
2011;13120501108;8;Subsecção;93
2011;13120501201;8;Subsecção;23
2011;13120501202;8;Subsecção;64
2011;13120501203;8;Subsecção;0
2011;13120501204;8;Subsecção;18
2011;13120501205;8;Subsecção;93
2011;13120501206;8;Subsecção;6
2011;13120501207;8;Subsecção;71
2011;13120501208;8;Subsecção;19
2011;13120501209;8;Subsecção;25
2011;13120501210;8;Subsecção;5
2011;13120501211;8;Subsecção;15
2011;13120501212;8;Subsecção;21
2011;13120501213;8;Subsecção;106
2011;13120501301;8;Subsecção;263
2011;13120501302;8;Subsecção;382
2011;13120501303;8;Subsecção;49
2011;13120501401;8;Subsecção;87
2011;13120501402;8;Subsecção;114
2011;13120501403;8;Subsecção;11
2011;13120501404;8;Subsecção;30
2011;13120501405;8;Subsecção;40
2011;13120501406;8;Subsecção;38
2011;13120501407;8;Subsecção;54
2011;13120501408;8;Subsecção;62
2011;13120501409;8;Subsecção;33
2011;13120501410;8;Subsecção;12
2011;13120501411;8;Subsecção;0
2011;13120501501;8;Subsecção;106
2011;13120501502;8;Subsecção;121
2011;13120501503;8;Subsecção;83
2011;13120501504;8;Subsecção;50
2011;13120501505;8;Subsecção;80
2011;13120501506;8;Subsecção;19
2011;13120501507;8;Subsecção;0
2011;13120501508;8;Subsecção;23
2011;13120501509;8;Subsecção;0
2011;13120501510;8;Subsecção;0
2011;13120501601;8;Subsecção;0
2011;13120501602;8;Subsecção;204
2011;13120501603;8;Subsecção;20
2011;13120501604;8;Subsecção;24
2011;13120501605;8;Subsecção;59
2011;13120501606;8;Subsecção;13
2011;13120501607;8;Subsecção;1
2011;13120501608;8;Subsecção;57
2011;13120501609;8;Subsecção;25
2011;13120501610;8;Subsecção;26
2011;13120501611;8;Subsecção;9
2011;13120501612;8;Subsecção;51
2011;13120501613;8;Subsecção;29
2011;13120501614;8;Subsecção;21
2011;13120501615;8;Subsecção;20
2011;13120501616;8;Subsecção;23
2011;13120501701;8;Subsecção;164
2011;13120501702;8;Subsecção;191
2011;13120501703;8;Subsecção;43
2011;13120501704;8;Subsecção;16
2011;13120501705;8;Subsecção;88
2011;13120501706;8;Subsecção;6
2011;13120501707;8;Subsecção;106
2011;13120501708;8;Subsecção;19
2011;13120501801;8;Subsecção;178
2011;13120501802;8;Subsecção;102
2011;13120501803;8;Subsecção;5
2011;13120501804;8;Subsecção;6
2011;13120501805;8;Subsecção;8
2011;13120501806;8;Subsecção;0
2011;13120501807;8;Subsecção;0
2011;13120501808;8;Subsecção;3
2011;13120501809;8;Subsecção;31
2011;13120501810;8;Subsecção;21
2011;13120600101;8;Subsecção;200
2011;13120600102;8;Subsecção;72
2011;13120600103;8;Subsecção;31
2011;13120600104;8;Subsecção;279
2011;13120600105;8;Subsecção;41
2011;13120600106;8;Subsecção;67
2011;13120600107;8;Subsecção;0
2011;13120600108;8;Subsecção;19
2011;13120600109;8;Subsecção;19
2011;13120600110;8;Subsecção;37
2011;13120600201;8;Subsecção;24
2011;13120600202;8;Subsecção;269
2011;13120600203;8;Subsecção;18
2011;13120600204;8;Subsecção;149
2011;13120600301;8;Subsecção;179
2011;13120600302;8;Subsecção;320
2011;13120600303;8;Subsecção;312
2011;13120600401;8;Subsecção;199
2011;13120600402;8;Subsecção;282
2011;13120600403;8;Subsecção;0
2011;13120600404;8;Subsecção;32
2011;13120600405;8;Subsecção;162
2011;13120600501;8;Subsecção;102
2011;13120600502;8;Subsecção;91
2011;13120600503;8;Subsecção;70
2011;13120600504;8;Subsecção;41
2011;13120600505;8;Subsecção;30
2011;13120600506;8;Subsecção;36
2011;13120600507;8;Subsecção;61
2011;13120600508;8;Subsecção;58
2011;13120600509;8;Subsecção;55
2011;13120600510;8;Subsecção;40
2011;13120600511;8;Subsecção;34
2011;13120600512;8;Subsecção;27
2011;13120600513;8;Subsecção;20
2011;13120600514;8;Subsecção;38
2011;13120600515;8;Subsecção;61
2011;13120600516;8;Subsecção;24
2011;13120600601;8;Subsecção;65
2011;13120600602;8;Subsecção;0
2011;13120600603;8;Subsecção;133
2011;13120600604;8;Subsecção;0
2011;13120600701;8;Subsecção;379
2011;13120600702;8;Subsecção;455
2011;13120600801;8;Subsecção;63
2011;13120600802;8;Subsecção;232
2011;13120600803;8;Subsecção;73
2011;13120600804;8;Subsecção;49
2011;13120600901;8;Subsecção;0
2011;13120600902;8;Subsecção;162
2011;13120600903;8;Subsecção;153
2011;13120600904;8;Subsecção;104
2011;13120600905;8;Subsecção;28
2011;13120600906;8;Subsecção;34
2011;13120601001;8;Subsecção;280
2011;13120601002;8;Subsecção;234
2011;13120601003;8;Subsecção;0
2011;13120601101;8;Subsecção;628
2011;13120601102;8;Subsecção;104
2011;13120601103;8;Subsecção;40
2011;13120601104;8;Subsecção;105
2011;13120601105;8;Subsecção;24
2011;13120601106;8;Subsecção;98
2011;13120601107;8;Subsecção;23
2011;13120601108;8;Subsecção;29
2011;13120601201;8;Subsecção;84
2011;13120601301;8;Subsecção;602
2011;13120601401;8;Subsecção;159
2011;13120601402;8;Subsecção;110
2011;13120601403;8;Subsecção;61
2011;13120601501;8;Subsecção;43
2011;13120601601;8;Subsecção;93
2011;13120601602;8;Subsecção;17
2011;13120601603;8;Subsecção;76
2011;13120601604;8;Subsecção;0
2011;13120601605;8;Subsecção;64
2011;13120601606;8;Subsecção;171
2011;13120601607;8;Subsecção;75
2011;13120601608;8;Subsecção;70
2011;13120601701;8;Subsecção;315
2011;13120601702;8;Subsecção;288
2011;13120601801;8;Subsecção;584
2011;13120601802;8;Subsecção;161
2011;13120601803;8;Subsecção;206
2011;13120601901;8;Subsecção;196
2011;13120601902;8;Subsecção;194
2011;13120601903;8;Subsecção;425
2011;13120602001;8;Subsecção;281
2011;13120602002;8;Subsecção;170
2011;13120602003;8;Subsecção;429
2011;13120602004;8;Subsecção;92
2011;13120602101;8;Subsecção;33
2011;13120602102;8;Subsecção;31
2011;13120602103;8;Subsecção;41
2011;13120602104;8;Subsecção;365
2011;13120602105;8;Subsecção;0
2011;13120602106;8;Subsecção;472
2011;13120602201;8;Subsecção;457
2011;13120602202;8;Subsecção;150
2011;13120602203;8;Subsecção;62
2011;13120602204;8;Subsecção;0
2011;13120602301;8;Subsecção;378
2011;13120602302;8;Subsecção;285
2011;13120602303;8;Subsecção;0
2011;13120602401;8;Subsecção;0
2011;13120602402;8;Subsecção;200
2011;13120602403;8;Subsecção;65
2011;13120602404;8;Subsecção;835
2011;13120602405;8;Subsecção;427
2011;13120602501;8;Subsecção;0
2011;13120602502;8;Subsecção;74
2011;13120602503;8;Subsecção;0
2011;13120602504;8;Subsecção;33
2011;13120602505;8;Subsecção;74
2011;13120602506;8;Subsecção;103
2011;13120602507;8;Subsecção;83
2011;13120602508;8;Subsecção;71
2011;13120602601;8;Subsecção;468
2011;13120602602;8;Subsecção;452
2011;13120602603;8;Subsecção;25
2011;13120602604;8;Subsecção;39
2011;13120602701;8;Subsecção;74
2011;13120602702;8;Subsecção;41
2011;13120602703;8;Subsecção;170
2011;13120602704;8;Subsecção;153
2011;13120602705;8;Subsecção;133
2011;13120602706;8;Subsecção;147
2011;13120602707;8;Subsecção;27
2011;13120602708;8;Subsecção;18
2011;13120602709;8;Subsecção;25
2011;13120602801;8;Subsecção;322
2011;13120602802;8;Subsecção;557
2011;13120602901;8;Subsecção;244
2011;13120602902;8;Subsecção;0
2011;13120602903;8;Subsecção;13
2011;13120602904;8;Subsecção;14
2011;13120602905;8;Subsecção;43
2011;13120602906;8;Subsecção;30
2011;13120602907;8;Subsecção;17
2011;13120602908;8;Subsecção;8
2011;13120602909;8;Subsecção;8
2011;13120602910;8;Subsecção;192
2011;13120602911;8;Subsecção;0
2011;13120603001;8;Subsecção;338
2011;13120603002;8;Subsecção;579
2011;13120603003;8;Subsecção;51
2011;13120603004;8;Subsecção;49
2011;13120603101;8;Subsecção;122
2011;13120603102;8;Subsecção;168
2011;13120603103;8;Subsecção;38
2011;13120603104;8;Subsecção;45
2011;13120603201;8;Subsecção;0
2011;13120603202;8;Subsecção;519
2011;13120603301;8;Subsecção;266
2011;13120603302;8;Subsecção;254
2011;13120603303;8;Subsecção;42
2011;13120603304;8;Subsecção;150
2011;13120603305;8;Subsecção;157
2011;13120603306;8;Subsecção;59
2011;13120603307;8;Subsecção;14
2011;13120603308;8;Subsecção;0
2011;13120603401;8;Subsecção;0
2011;13120700101;8;Subsecção;97
2011;13120700102;8;Subsecção;20
2011;13120700103;8;Subsecção;46
2011;13120700104;8;Subsecção;17
2011;13120700105;8;Subsecção;23
2011;13120700106;8;Subsecção;28
2011;13120700107;8;Subsecção;76
2011;13120700108;8;Subsecção;42
2011;13120700109;8;Subsecção;17
2011;13120700110;8;Subsecção;48
2011;13120700111;8;Subsecção;42
2011;13120700112;8;Subsecção;0
2011;13120700113;8;Subsecção;21
2011;13120700114;8;Subsecção;33
2011;13120700115;8;Subsecção;1
2011;13120700116;8;Subsecção;0
2011;13120700117;8;Subsecção;0
2011;13120700201;8;Subsecção;114
2011;13120700202;8;Subsecção;265
2011;13120700301;8;Subsecção;29
2011;13120700302;8;Subsecção;15
2011;13120700303;8;Subsecção;92
2011;13120700304;8;Subsecção;64
2011;13120700305;8;Subsecção;5
2011;13120700306;8;Subsecção;143
2011;13120700307;8;Subsecção;90
2011;13120700401;8;Subsecção;495
2011;13120700402;8;Subsecção;52
2011;13120700403;8;Subsecção;0
2011;13120700404;8;Subsecção;107
2011;13120700405;8;Subsecção;32
2011;13120700501;8;Subsecção;84
2011;13120700502;8;Subsecção;0
2011;13120700503;8;Subsecção;274
2011;13120700504;8;Subsecção;66
2011;13120700601;8;Subsecção;77
2011;13120700602;8;Subsecção;0
2011;13120700603;8;Subsecção;458
2011;13120700701;8;Subsecção;30
2011;13120700702;8;Subsecção;49
2011;13120700703;8;Subsecção;123
2011;13120700704;8;Subsecção;52
2011;13120700705;8;Subsecção;6
2011;13120700706;8;Subsecção;1
2011;13120700707;8;Subsecção;75
2011;13120700708;8;Subsecção;49
2011;13120700709;8;Subsecção;58
2011;13120700710;8;Subsecção;0
2011;13120700801;8;Subsecção;199
2011;13120700901;8;Subsecção;265
2011;13120701001;8;Subsecção;158
2011;13120701002;8;Subsecção;181
2011;13120701003;8;Subsecção;184
2011;13120701101;8;Subsecção;170
2011;13120701102;8;Subsecção;17
2011;13120701103;8;Subsecção;43
2011;13120701104;8;Subsecção;68
2011;13120701201;8;Subsecção;166
2011;13120701202;8;Subsecção;79
2011;13120701203;8;Subsecção;113
2011;13120701204;8;Subsecção;119
2011;13120701205;8;Subsecção;48
2011;13120701301;8;Subsecção;337
2011;13120701302;8;Subsecção;274
2011;13120701401;8;Subsecção;0
2011;13120701402;8;Subsecção;192
2011;13120701403;8;Subsecção;10
2011;13120701404;8;Subsecção;142
2011;13120701405;8;Subsecção;204
2011;13120701406;8;Subsecção;15
2011;13120701407;8;Subsecção;92
2011;13120701408;8;Subsecção;66
2011;13120701409;8;Subsecção;0
2011;13120701410;8;Subsecção;49
2011;13120701501;8;Subsecção;0
2011;13120701502;8;Subsecção;0
2011;13120701503;8;Subsecção;67
2011;13120701504;8;Subsecção;9
2011;13120701505;8;Subsecção;21
2011;13120701506;8;Subsecção;0
2011;13120701507;8;Subsecção;4
2011;13120701508;8;Subsecção;39
2011;13120701509;8;Subsecção;42
2011;13120800101;8;Subsecção;325
2011;13120800102;8;Subsecção;61
2011;13120800201;8;Subsecção;112
2011;13120800202;8;Subsecção;91
2011;13120800203;8;Subsecção;24
2011;13120800204;8;Subsecção;49
2011;13120800301;8;Subsecção;5
2011;13120800302;8;Subsecção;52
2011;13120800303;8;Subsecção;70
2011;13120800304;8;Subsecção;93
2011;13120800305;8;Subsecção;86
2011;13120800401;8;Subsecção;70
2011;13120800402;8;Subsecção;58
2011;13120800403;8;Subsecção;132
2011;13120800404;8;Subsecção;60
2011;13120800405;8;Subsecção;11
2011;13120800501;8;Subsecção;76
2011;13120800502;8;Subsecção;57
2011;13120800503;8;Subsecção;0
2011;13120800504;8;Subsecção;7
2011;13120800505;8;Subsecção;32
2011;13120800506;8;Subsecção;10
2011;13120800507;8;Subsecção;11
2011;13120800508;8;Subsecção;16
2011;13120800509;8;Subsecção;80
2011;13120800510;8;Subsecção;59
2011;13120800601;8;Subsecção;10
2011;13120800602;8;Subsecção;15
2011;13120800603;8;Subsecção;0
2011;13120800604;8;Subsecção;42
2011;13120800605;8;Subsecção;16
2011;13120800606;8;Subsecção;22
2011;13120800607;8;Subsecção;147
2011;13120800608;8;Subsecção;168
2011;13120900101;8;Subsecção;0
2011;13120900102;8;Subsecção;0
2011;13120900103;8;Subsecção;5
2011;13120900104;8;Subsecção;2
2011;13120900105;8;Subsecção;42
2011;13120900106;8;Subsecção;66
2011;13120900107;8;Subsecção;59
2011;13120900108;8;Subsecção;91
2011;13120900109;8;Subsecção;262
2011;13120900201;8;Subsecção;13
2011;13120900202;8;Subsecção;99
2011;13120900203;8;Subsecção;16
2011;13120900204;8;Subsecção;308
2011;13120900205;8;Subsecção;41
2011;13120900206;8;Subsecção;45
2011;13120900207;8;Subsecção;62
2011;13120900208;8;Subsecção;177
2011;13120900301;8;Subsecção;4
2011;13120900302;8;Subsecção;58
2011;13120900303;8;Subsecção;359
2011;13120900304;8;Subsecção;60
2011;13120900401;8;Subsecção;170
2011;13120900402;8;Subsecção;94
2011;13120900403;8;Subsecção;170
2011;13120900404;8;Subsecção;212
2011;13120900405;8;Subsecção;118
2011;13120900501;8;Subsecção;58
2011;13120900502;8;Subsecção;135
2011;13120900503;8;Subsecção;146
2011;13120900504;8;Subsecção;129
2011;13120900505;8;Subsecção;109
2011;13120900506;8;Subsecção;105
2011;13120900507;8;Subsecção;88
2011;13120900601;8;Subsecção;108
2011;13120900602;8;Subsecção;37
2011;13120900603;8;Subsecção;405
2011;13120900701;8;Subsecção;166
2011;13120900702;8;Subsecção;273
2011;13120900703;8;Subsecção;175
2011;13120900801;8;Subsecção;56
2011;13120900802;8;Subsecção;143
2011;13120900803;8;Subsecção;146
2011;13120900804;8;Subsecção;69
2011;13120900805;8;Subsecção;137
2011;13121000101;8;Subsecção;108
2011;13121000102;8;Subsecção;62
2011;13121000103;8;Subsecção;118
2011;13121000104;8;Subsecção;8
2011;13121000105;8;Subsecção;228
2011;13121000106;8;Subsecção;197
2011;13121000201;8;Subsecção;235
2011;13121000301;8;Subsecção;95
2011;13121000302;8;Subsecção;38
2011;13121000303;8;Subsecção;48
2011;13121000304;8;Subsecção;40
2011;13121000401;8;Subsecção;87
2011;13121000402;8;Subsecção;29
2011;13121000403;8;Subsecção;198
2011;13121000404;8;Subsecção;71
2011;13121000405;8;Subsecção;32
2011;13121000406;8;Subsecção;116
2011;13121000501;8;Subsecção;91
2011;13121000502;8;Subsecção;2
2011;13121000503;8;Subsecção;3
2011;13121000601;8;Subsecção;54
2011;13121000602;8;Subsecção;75
2011;13121000603;8;Subsecção;314
2011;13121000604;8;Subsecção;266
2011;13121000701;8;Subsecção;137
2011;13121000702;8;Subsecção;34
2011;13121000703;8;Subsecção;0
2011;13121000704;8;Subsecção;180
2011;13121000705;8;Subsecção;25
2011;13121000706;8;Subsecção;30
2011;13121000707;8;Subsecção;25
2011;13121000708;8;Subsecção;20
2011;13121000801;8;Subsecção;0
2011;13121000802;8;Subsecção;19
2011;13121000803;8;Subsecção;41
2011;13121000804;8;Subsecção;13
2011;13121000805;8;Subsecção;8
2011;13121000806;8;Subsecção;19
2011;13121000807;8;Subsecção;17
2011;13121000808;8;Subsecção;41
2011;13121000809;8;Subsecção;5
2011;13121000810;8;Subsecção;205
2011;13121000811;8;Subsecção;41
2011;13121000901;8;Subsecção;326
2011;13121000902;8;Subsecção;8
2011;13121000903;8;Subsecção;12
2011;13121000904;8;Subsecção;17
2011;13121000905;8;Subsecção;6
2011;13121000906;8;Subsecção;2
2011;13121000907;8;Subsecção;26
2011;13121000908;8;Subsecção;7
2011;13121000909;8;Subsecção;17
2011;13121000910;8;Subsecção;21
2011;13121000911;8;Subsecção;11
2011;13121000912;8;Subsecção;31
2011;13121000913;8;Subsecção;68
2011;13121000914;8;Subsecção;7
2011;13121001001;8;Subsecção;29
2011;13121001002;8;Subsecção;22
2011;13121001003;8;Subsecção;197
2011;13121001004;8;Subsecção;233
2011;13121001101;8;Subsecção;34
2011;13121001102;8;Subsecção;113
2011;13121001103;8;Subsecção;66
2011;13121001104;8;Subsecção;404
2011;13121001105;8;Subsecção;52
2011;13121001201;8;Subsecção;0
2011;13121001202;8;Subsecção;264
2011;13121001203;8;Subsecção;231
2011;13121001204;8;Subsecção;16
2011;13121001301;8;Subsecção;367
2011;13121001302;8;Subsecção;198
2011;13121001401;8;Subsecção;0
2011;13121001402;8;Subsecção;433
2011;13121001501;8;Subsecção;328
2011;13121001502;8;Subsecção;182
2011;13121001503;8;Subsecção;10
2011;13121001601;8;Subsecção;16
2011;13121001602;8;Subsecção;48
2011;13121001603;8;Subsecção;127
2011;13121001604;8;Subsecção;51
2011;13121001701;8;Subsecção;357
2011;13121001702;8;Subsecção;226
2011;13121001703;8;Subsecção;340
2011;13121001801;8;Subsecção;35
2011;13121001802;8;Subsecção;345
2011;13121001803;8;Subsecção;27
2011;13121001804;8;Subsecção;38
2011;13121001805;8;Subsecção;102
2011;13121001806;8;Subsecção;99
2011;13121001901;8;Subsecção;562
2011;13121002001;8;Subsecção;74
2011;13121002002;8;Subsecção;275
2011;13121002003;8;Subsecção;32
2011;13121002101;8;Subsecção;148
2011;13121002102;8;Subsecção;333
2011;13121002201;8;Subsecção;6
2011;13121002202;8;Subsecção;48
2011;13121002203;8;Subsecção;177
2011;13121002204;8;Subsecção;11
2011;13121002205;8;Subsecção;30
2011;13121002206;8;Subsecção;165
2011;13121002207;8;Subsecção;19
2011;13121002208;8;Subsecção;34
2011;13121002209;8;Subsecção;10
2011;13121002210;8;Subsecção;22
2011;13121002211;8;Subsecção;29
2011;13121002212;8;Subsecção;16
2011;13121002213;8;Subsecção;11
2011;13121002214;8;Subsecção;20
2011;13121002215;8;Subsecção;11
2011;13121002216;8;Subsecção;25
2011;13121002217;8;Subsecção;30
2011;13121002218;8;Subsecção;4
2011;13121002301;8;Subsecção;846
2011;13121002401;8;Subsecção;51
2011;13121002402;8;Subsecção;25
2011;13121002403;8;Subsecção;25
2011;13121002404;8;Subsecção;8
2011;13121002405;8;Subsecção;160
2011;13121002406;8;Subsecção;11
2011;13121002407;8;Subsecção;17
2011;13121002408;8;Subsecção;0
2011;13121002409;8;Subsecção;0
2011;13121002410;8;Subsecção;12
2011;13121002411;8;Subsecção;47
2011;13121002412;8;Subsecção;41
2011;13121002413;8;Subsecção;62
2011;13121002414;8;Subsecção;0
2011;13121002415;8;Subsecção;18
2011;13121002416;8;Subsecção;79
2011;13121002417;8;Subsecção;38
2011;13121002501;8;Subsecção;294
2011;13121002502;8;Subsecção;121
2011;13121002601;8;Subsecção;317
2011;13121002701;8;Subsecção;215
2011;13121002801;8;Subsecção;420
2011;13121002802;8;Subsecção;115
2011;13121002803;8;Subsecção;134
2011;13121002901;8;Subsecção;141
2011;13121003001;8;Subsecção;59
2011;13121003002;8;Subsecção;2
2011;13121003003;8;Subsecção;14
2011;13121003004;8;Subsecção;23
2011;13121003005;8;Subsecção;12
2011;13121003006;8;Subsecção;13
2011;13121003007;8;Subsecção;53
2011;13121003008;8;Subsecção;186
2011;13121003009;8;Subsecção;89
2011;13121003010;8;Subsecção;115
2011;13121003011;8;Subsecção;37
2011;13121003101;8;Subsecção;366
2011;13121003102;8;Subsecção;134
2011;13121003201;8;Subsecção;69
2011;13121003202;8;Subsecção;420
2011;13121003203;8;Subsecção;58
2011;13121003301;8;Subsecção;132
2011;13121003302;8;Subsecção;475
2011;13121003303;8;Subsecção;226
2011;13121003401;8;Subsecção;413
2011;13121003501;8;Subsecção;200
2011;13121003502;8;Subsecção;50
2011;13121003503;8;Subsecção;3
2011;13121003504;8;Subsecção;63
2011;13121003505;8;Subsecção;0
2011;13121003506;8;Subsecção;77
2011;13121003507;8;Subsecção;10
2011;13121003601;8;Subsecção;14
2011;13121003602;8;Subsecção;17
2011;13121003603;8;Subsecção;21
2011;13121003604;8;Subsecção;98
2011;13121003605;8;Subsecção;310
2011;13121003701;8;Subsecção;344
2011;13121003702;8;Subsecção;99
2011;13121003703;8;Subsecção;4
2011;13121003801;8;Subsecção;355
2011;13121003901;8;Subsecção;45
2011;13121003902;8;Subsecção;36
2011;13121003903;8;Subsecção;187
2011;13121003904;8;Subsecção;44
2011;13121003905;8;Subsecção;63
2011;13121003906;8;Subsecção;128
2011;13121003907;8;Subsecção;147
2011;13121004001;8;Subsecção;134
2011;13121004002;8;Subsecção;357
2011;13121004003;8;Subsecção;82
2011;13121004101;8;Subsecção;458
2011;13121004201;8;Subsecção;243
2011;13121004202;8;Subsecção;46
2011;13121004203;8;Subsecção;87
2011;13121004301;8;Subsecção;283
2011;13121004302;8;Subsecção;157
2011;13121004303;8;Subsecção;159
2011;13121004401;8;Subsecção;111
2011;13121004501;8;Subsecção;419
2011;13121004502;8;Subsecção;80
2011;13121004503;8;Subsecção;73
2011;13121004504;8;Subsecção;84
2011;13121004601;8;Subsecção;58
2011;13121004602;8;Subsecção;163
2011;13121004701;8;Subsecção;357
2011;13121004702;8;Subsecção;66
2011;13121004703;8;Subsecção;109
2011;13121004801;8;Subsecção;81
2011;13121004802;8;Subsecção;180
2011;13121004803;8;Subsecção;49
2011;13121004804;8;Subsecção;64
2011;13121004805;8;Subsecção;20
2011;13121004901;8;Subsecção;2
2011;13121004902;8;Subsecção;342
2011;13121005001;8;Subsecção;149
2011;13121005002;8;Subsecção;375
2011;13121005101;8;Subsecção;236
2011;13121005102;8;Subsecção;146
2011;13121005201;8;Subsecção;401
2011;13121005202;8;Subsecção;0
2011;13121005203;8;Subsecção;329
2011;13121005204;8;Subsecção;100
2011;13121005301;8;Subsecção;195
2011;13121005302;8;Subsecção;201
2011;13121005303;8;Subsecção;64
2011;13121005304;8;Subsecção;38
2011;13121005305;8;Subsecção;0
2011;13121005306;8;Subsecção;19
2011;13121005307;8;Subsecção;9
2011;13121005308;8;Subsecção;12
2011;13121005309;8;Subsecção;16
2011;13121005401;8;Subsecção;76
2011;13121005402;8;Subsecção;24
2011;13121005403;8;Subsecção;6
2011;13121005404;8;Subsecção;403
2011;13121005405;8;Subsecção;125
2011;13121005501;8;Subsecção;75
2011;13121005502;8;Subsecção;136
2011;13121005503;8;Subsecção;101
2011;13121005504;8;Subsecção;114
2011;13121005505;8;Subsecção;103
2011;13121005601;8;Subsecção;404
2011;13121005602;8;Subsecção;46
2011;13121005701;8;Subsecção;103
2011;13121005702;8;Subsecção;16
2011;13121005703;8;Subsecção;76
2011;13121005704;8;Subsecção;368
2011;13121005705;8;Subsecção;45
2011;13121005801;8;Subsecção;127
2011;13121005802;8;Subsecção;125
2011;13121005803;8;Subsecção;55
2011;13121005901;8;Subsecção;35
2011;13121005902;8;Subsecção;41
2011;13121005903;8;Subsecção;321
2011;13121006001;8;Subsecção;311
2011;13121006002;8;Subsecção;162
2011;13121006101;8;Subsecção;381
2011;13121006201;8;Subsecção;373
2011;13121006202;8;Subsecção;89
2011;13121006203;8;Subsecção;64
2011;13121006204;8;Subsecção;167
2011;13121006205;8;Subsecção;48
2011;13121006206;8;Subsecção;53
2011;13121006301;8;Subsecção;635
2011;13121006401;8;Subsecção;615
2011;13121006501;8;Subsecção;75
2011;13121006502;8;Subsecção;45
2011;13121006503;8;Subsecção;184
2011;13121006504;8;Subsecção;164
2011;13121006601;8;Subsecção;4
2011;13121006602;8;Subsecção;3
2011;13121006603;8;Subsecção;248
2011;13121006604;8;Subsecção;153
2011;13121006701;8;Subsecção;515
2011;13121006801;8;Subsecção;448
2011;13121006802;8;Subsecção;104
2011;13121006803;8;Subsecção;64
2011;13121006901;8;Subsecção;245
2011;13121006902;8;Subsecção;264
2011;13121007001;8;Subsecção;486
2011;13121007002;8;Subsecção;0
2011;13121007101;8;Subsecção;0
2011;13121007102;8;Subsecção;55
2011;13121007103;8;Subsecção;88
2011;13121007104;8;Subsecção;219
2011;13121007201;8;Subsecção;68
2011;13121007202;8;Subsecção;78
2011;13121007203;8;Subsecção;479
2011;13121007204;8;Subsecção;59
2011;13121007205;8;Subsecção;10
2011;13121007301;8;Subsecção;75
2011;13121007302;8;Subsecção;213
2011;13121007303;8;Subsecção;84
2011;13121007304;8;Subsecção;91
2011;13121007401;8;Subsecção;303
2011;13121007402;8;Subsecção;0
2011;13121007501;8;Subsecção;258
2011;13121007502;8;Subsecção;280
2011;13121007601;8;Subsecção;207
2011;13121007602;8;Subsecção;196
2011;13121007701;8;Subsecção;439
2011;13121007801;8;Subsecção;356
2011;13121007802;8;Subsecção;98
2011;13121007803;8;Subsecção;141
2011;13121007804;8;Subsecção;0
2011;13121007901;8;Subsecção;359
2011;13121007902;8;Subsecção;144
2011;13121008001;8;Subsecção;180
2011;13121008002;8;Subsecção;54
2011;13121008003;8;Subsecção;104
2011;13121008004;8;Subsecção;175
2011;13121008101;8;Subsecção;283
2011;13121008201;8;Subsecção;595
2011;13121008301;8;Subsecção;232
2011;13121008302;8;Subsecção;191
2011;13121008303;8;Subsecção;79
2011;13121008304;8;Subsecção;66
2011;13121008401;8;Subsecção;99
2011;13121008402;8;Subsecção;133
2011;13121008403;8;Subsecção;297
2011;13121008501;8;Subsecção;171
2011;13121008502;8;Subsecção;335
2011;13121008503;8;Subsecção;93
2011;13121008504;8;Subsecção;142
2011;13121008505;8;Subsecção;43
2011;13121008601;8;Subsecção;215
2011;13121008602;8;Subsecção;100
2011;13121008603;8;Subsecção;179
2011;13121008701;8;Subsecção;468
2011;13121008801;8;Subsecção;416
2011;13121008901;8;Subsecção;545
2011;13121100101;8;Subsecção;0
2011;13121100102;8;Subsecção;382
2011;13121100103;8;Subsecção;76
2011;13121100104;8;Subsecção;40
2011;13121100105;8;Subsecção;52
2011;13121100106;8;Subsecção;39
2011;13121100107;8;Subsecção;12
2011;13121100108;8;Subsecção;0
2011;13121100109;8;Subsecção;30
2011;13121100110;8;Subsecção;21
2011;13121100201;8;Subsecção;321
2011;13121100202;8;Subsecção;31
2011;13121100203;8;Subsecção;411
2011;13121100301;8;Subsecção;75
2011;13121100302;8;Subsecção;6
2011;13121100303;8;Subsecção;2
2011;13121100304;8;Subsecção;187
2011;13121100305;8;Subsecção;83
2011;13121100306;8;Subsecção;50
2011;13121100307;8;Subsecção;82
2011;13121100308;8;Subsecção;78
2011;13121100309;8;Subsecção;0
2011;13121100310;8;Subsecção;26
2011;13121100311;8;Subsecção;51
2011;13121100401;8;Subsecção;143
2011;13121100402;8;Subsecção;32
2011;13121100403;8;Subsecção;21
2011;13121100404;8;Subsecção;7
2011;13121100405;8;Subsecção;68
2011;13121100406;8;Subsecção;410
2011;13121100407;8;Subsecção;2
2011;13121100501;8;Subsecção;508
2011;13121100502;8;Subsecção;224
2011;13121100503;8;Subsecção;130
2011;13121100504;8;Subsecção;18
2011;13121100601;8;Subsecção;100
2011;13121100602;8;Subsecção;37
2011;13121100603;8;Subsecção;186
2011;13121100604;8;Subsecção;235
2011;13121100605;8;Subsecção;67
2011;13121100701;8;Subsecção;0
2011;13121100702;8;Subsecção;0
2011;13121100703;8;Subsecção;47
2011;13121100704;8;Subsecção;459
2011;13121100801;8;Subsecção;45
2011;13121100802;8;Subsecção;48
2011;13121100803;8;Subsecção;229
2011;13121100804;8;Subsecção;478
2011;13121100901;8;Subsecção;708
2011;13121101001;8;Subsecção;152
2011;13121101002;8;Subsecção;200
2011;13121101003;8;Subsecção;4
2011;13121101004;8;Subsecção;217
2011;13121101101;8;Subsecção;398
2011;13121101102;8;Subsecção;0
2011;13121101103;8;Subsecção;199
2011;13121101104;8;Subsecção;117
2011;13121101105;8;Subsecção;143
2011;13121101106;8;Subsecção;0
2011;13121101107;8;Subsecção;387
2011;13121101201;8;Subsecção;685
2011;13121101301;8;Subsecção;258
2011;13121101302;8;Subsecção;45
2011;13121101303;8;Subsecção;28
2011;13121101304;8;Subsecção;19
2011;13121101305;8;Subsecção;513
2011;13121101401;8;Subsecção;486
2011;13121101402;8;Subsecção;92
2011;13121101501;8;Subsecção;2
2011;13121101502;8;Subsecção;0
2011;13121101503;8;Subsecção;123
2011;13121101504;8;Subsecção;359
2011;13121101505;8;Subsecção;82
2011;13121101506;8;Subsecção;257
2011;13121101601;8;Subsecção;307
2011;13121101602;8;Subsecção;87
2011;13121101603;8;Subsecção;39
2011;13121101604;8;Subsecção;100
2011;13121101605;8;Subsecção;40
2011;13121101606;8;Subsecção;11
2011;13121101607;8;Subsecção;7
2011;13121101608;8;Subsecção;0
2011;13121101609;8;Subsecção;26
2011;13121101701;8;Subsecção;390
2011;13121101801;8;Subsecção;435
2011;13121101901;8;Subsecção;99
2011;13121101902;8;Subsecção;205
2011;13121102001;8;Subsecção;132
2011;13121102002;8;Subsecção;413
2011;13121102101;8;Subsecção;248
2011;13121102102;8;Subsecção;0
2011;13121102103;8;Subsecção;152
2011;13121102104;8;Subsecção;164
2011;13121102201;8;Subsecção;38
2011;13121102202;8;Subsecção;14
2011;13121102203;8;Subsecção;29
2011;13121102204;8;Subsecção;73
2011;13121102205;8;Subsecção;17
2011;13121102206;8;Subsecção;16
2011;13121102207;8;Subsecção;133
2011;13121102208;8;Subsecção;26
2011;13121102209;8;Subsecção;35
2011;13121102210;8;Subsecção;88
2011;13121102211;8;Subsecção;41
2011;13121102212;8;Subsecção;43
2011;13121102213;8;Subsecção;72
2011;13121102301;8;Subsecção;630
2011;13121102302;8;Subsecção;199
2011;13121102303;8;Subsecção;0
2011;13121102401;8;Subsecção;554
2011;13121102501;8;Subsecção;216
2011;13121102502;8;Subsecção;55
2011;13121102503;8;Subsecção;156
2011;13121102504;8;Subsecção;71
2011;13121102601;8;Subsecção;349
2011;13121102602;8;Subsecção;156
2011;13121102701;8;Subsecção;245
2011;13121102702;8;Subsecção;31
2011;13121102801;8;Subsecção;294
2011;13121102802;8;Subsecção;149
2011;13121102803;8;Subsecção;284
2011;13121102901;8;Subsecção;779
2011;13121103001;8;Subsecção;271
2011;13121103002;8;Subsecção;75
2011;13121103003;8;Subsecção;98
2011;13121103004;8;Subsecção;273
2011;13121103101;8;Subsecção;188
2011;13121103102;8;Subsecção;125
2011;13121103103;8;Subsecção;50
2011;13121103104;8;Subsecção;187
2011;13121103201;8;Subsecção;0
2011;13121103202;8;Subsecção;21
2011;13121103203;8;Subsecção;35
2011;13121103204;8;Subsecção;81
2011;13121103205;8;Subsecção;269
2011;13121103206;8;Subsecção;36
2011;13121103301;8;Subsecção;0
2011;13121103302;8;Subsecção;108
2011;13121103303;8;Subsecção;78
2011;13121103304;8;Subsecção;137
2011;13121103305;8;Subsecção;62
2011;13121103306;8;Subsecção;80
2011;13121103307;8;Subsecção;75
2011;13121103308;8;Subsecção;138
2011;13121103401;8;Subsecção;56
2011;13121103402;8;Subsecção;271
2011;13121103403;8;Subsecção;128
2011;13121103404;8;Subsecção;57
2011;13121103405;8;Subsecção;74
2011;13121103406;8;Subsecção;40
2011;13121103407;8;Subsecção;36
2011;13121103501;8;Subsecção;121
2011;13121103502;8;Subsecção;454
2011;13121103601;8;Subsecção;160
2011;13121103602;8;Subsecção;177
2011;13121103603;8;Subsecção;181
2011;13121103604;8;Subsecção;188
2011;13121103701;8;Subsecção;378
2011;13121103801;8;Subsecção;208
2011;13121103802;8;Subsecção;157
2011;13121103803;8;Subsecção;216
2011;13121103901;8;Subsecção;286
2011;13121103902;8;Subsecção;0
2011;13121103903;8;Subsecção;253
2011;13121103904;8;Subsecção;59
2011;13121104001;8;Subsecção;224
2011;13121104002;8;Subsecção;273
2011;13121104003;8;Subsecção;39
2011;13121104004;8;Subsecção;37
2011;13121104101;8;Subsecção;177
2011;13121104102;8;Subsecção;84
2011;13121104103;8;Subsecção;132
2011;13121104104;8;Subsecção;119
2011;13121104105;8;Subsecção;83
2011;13121104201;8;Subsecção;248
2011;13121104202;8;Subsecção;11
2011;13121104203;8;Subsecção;475
2011;13121104301;8;Subsecção;143
2011;13121104302;8;Subsecção;59
2011;13121104303;8;Subsecção;173
2011;13121104304;8;Subsecção;95
2011;13121104305;8;Subsecção;144
2011;13121104306;8;Subsecção;29
2011;13121104307;8;Subsecção;59
2011;13121104401;8;Subsecção;160
2011;13121104402;8;Subsecção;256
2011;13121104501;8;Subsecção;11
2011;13121104502;8;Subsecção;179
2011;13121104503;8;Subsecção;249
2011;13121104601;8;Subsecção;116
2011;13121104602;8;Subsecção;49
2011;13121104603;8;Subsecção;35
2011;13121104604;8;Subsecção;58
2011;13121104605;8;Subsecção;0
2011;13121104606;8;Subsecção;107
2011;13121104607;8;Subsecção;15
2011;13121104608;8;Subsecção;22
2011;13121104609;8;Subsecção;67
2011;13121104610;8;Subsecção;41
2011;13121104701;8;Subsecção;496
2011;13121104801;8;Subsecção;38
2011;13121104802;8;Subsecção;46
2011;13121104803;8;Subsecção;29
2011;13121104804;8;Subsecção;39
2011;13121104805;8;Subsecção;54
2011;13121104806;8;Subsecção;50
2011;13121104807;8;Subsecção;419
2011;13121104808;8;Subsecção;202
2011;13121104809;8;Subsecção;4
2011;13121104810;8;Subsecção;5
2011;13121104811;8;Subsecção;4
2011;13121104812;8;Subsecção;0
2011;13121104813;8;Subsecção;16
2011;13121104901;8;Subsecção;112
2011;13121104902;8;Subsecção;64
2011;13121104903;8;Subsecção;142
2011;13121104904;8;Subsecção;146
2011;13121104905;8;Subsecção;22
2011;13121105001;8;Subsecção;430
2011;13121105002;8;Subsecção;294
2011;13121105101;8;Subsecção;534
2011;13121105201;8;Subsecção;285
2011;13121105202;8;Subsecção;232
2011;13121105301;8;Subsecção;135
2011;13121105302;8;Subsecção;4
2011;13121105303;8;Subsecção;0
2011;13121105304;8;Subsecção;24
2011;13121105305;8;Subsecção;49
2011;13121105306;8;Subsecção;250
2011;13121105307;8;Subsecção;45
2011;13121105401;8;Subsecção;539
2011;13121105501;8;Subsecção;114
2011;13121105502;8;Subsecção;235
2011;13121105503;8;Subsecção;307
2011;13121105601;8;Subsecção;699
2011;13121105701;8;Subsecção;142
2011;13121105702;8;Subsecção;326
2011;13121105801;8;Subsecção;108
2011;13121105802;8;Subsecção;10
2011;13121105803;8;Subsecção;113
2011;13121105804;8;Subsecção;127
2011;13121105901;8;Subsecção;690
2011;13121106001;8;Subsecção;88
2011;13121106002;8;Subsecção;5
2011;13121106003;8;Subsecção;232
2011;13121106004;8;Subsecção;117
2011;13121106005;8;Subsecção;59
2011;13121106006;8;Subsecção;79
2011;13121106007;8;Subsecção;71
2011;13121106008;8;Subsecção;0
2011;13121106101;8;Subsecção;72
2011;13121106102;8;Subsecção;123
2011;13121106103;8;Subsecção;146
2011;13121106104;8;Subsecção;169
2011;13121106201;8;Subsecção;744
2011;13121200101;8;Subsecção;230
2011;13121200102;8;Subsecção;294
2011;13121200103;8;Subsecção;0
2011;13121200201;8;Subsecção;148
2011;13121200202;8;Subsecção;155
2011;13121200203;8;Subsecção;195
2011;13121200301;8;Subsecção;355
2011;13121200302;8;Subsecção;184
2011;13121200401;8;Subsecção;41
2011;13121200402;8;Subsecção;247
2011;13121200403;8;Subsecção;115
2011;13121200501;8;Subsecção;199
2011;13121200502;8;Subsecção;308
2011;13121200601;8;Subsecção;278
2011;13121200602;8;Subsecção;131
2011;13121200603;8;Subsecção;17
2011;13121200701;8;Subsecção;233
2011;13121200702;8;Subsecção;129
2011;13121200801;8;Subsecção;223
2011;13121200802;8;Subsecção;220
2011;13121200901;8;Subsecção;161
2011;13121200902;8;Subsecção;65
2011;13121200903;8;Subsecção;83
2011;13121200904;8;Subsecção;28
2011;13121201001;8;Subsecção;95
2011;13121201002;8;Subsecção;62
2011;13121201003;8;Subsecção;49
2011;13121201004;8;Subsecção;61
2011;13121201005;8;Subsecção;116
2011;13121201006;8;Subsecção;145
2011;13121201101;8;Subsecção;34
2011;13121201102;8;Subsecção;99
2011;13121201103;8;Subsecção;11
2011;13121201104;8;Subsecção;257
2011;13121201201;8;Subsecção;104
2011;13121201202;8;Subsecção;84
2011;13121201203;8;Subsecção;182
2011;13121201204;8;Subsecção;55
2011;13121201301;8;Subsecção;275
2011;13121201302;8;Subsecção;100
2011;13121201303;8;Subsecção;88
2011;13121201304;8;Subsecção;2
2011;13121201401;8;Subsecção;320
2011;13121201402;8;Subsecção;84
2011;13121201501;8;Subsecção;80
2011;13121201502;8;Subsecção;151
2011;13121201503;8;Subsecção;37
2011;13121201504;8;Subsecção;18
2011;13121201505;8;Subsecção;6
2011;13121201506;8;Subsecção;10
2011;13121201507;8;Subsecção;0
2011;13121201508;8;Subsecção;73
2011;13121201601;8;Subsecção;141
2011;13121201602;8;Subsecção;81
2011;13121201603;8;Subsecção;133
2011;13121201604;8;Subsecção;20
2011;13121201605;8;Subsecção;85
2011;13121201701;8;Subsecção;151
2011;13121201702;8;Subsecção;40
2011;13121201703;8;Subsecção;61
2011;13121201704;8;Subsecção;82
2011;13121201705;8;Subsecção;21
2011;13121201801;8;Subsecção;96
2011;13121201802;8;Subsecção;0
2011;13121201803;8;Subsecção;33
2011;13121201804;8;Subsecção;26
2011;13121201805;8;Subsecção;5
2011;13121201806;8;Subsecção;7
2011;13121201807;8;Subsecção;16
2011;13121201808;8;Subsecção;31
2011;13121201901;8;Subsecção;200
2011;13121201902;8;Subsecção;123
2011;13121201903;8;Subsecção;36
2011;13121202001;8;Subsecção;0
2011;13121202002;8;Subsecção;5
2011;13121202003;8;Subsecção;14
2011;13121202004;8;Subsecção;9
2011;13121202005;8;Subsecção;0
2011;13121202006;8;Subsecção;9
2011;13121202007;8;Subsecção;0
2011;13121202008;8;Subsecção;3
2011;13121202009;8;Subsecção;0
2011;13121202010;8;Subsecção;0
2011;13121202011;8;Subsecção;52
2011;13121202012;8;Subsecção;12
2011;13121202013;8;Subsecção;1
2011;13121202014;8;Subsecção;0
2011;13121202015;8;Subsecção;141
2011;13121202016;8;Subsecção;29
2011;13121202101;8;Subsecção;196
2011;13121202102;8;Subsecção;133
2011;13121202201;8;Subsecção;155
2011;13121202202;8;Subsecção;126
2011;13121202203;8;Subsecção;0
2011;13121202204;8;Subsecção;119
2011;13121300101;8;Subsecção;229
2011;13121300102;8;Subsecção;238
2011;13121300201;8;Subsecção;37
2011;13121300202;8;Subsecção;15
2011;13121300203;8;Subsecção;88
2011;13121300204;8;Subsecção;63
2011;13121300205;8;Subsecção;101
2011;13121300206;8;Subsecção;50
2011;13121300207;8;Subsecção;0
2011;13121300208;8;Subsecção;21
2011;13121300209;8;Subsecção;10
2011;13121300210;8;Subsecção;20
2011;13121300301;8;Subsecção;98
2011;13121300302;8;Subsecção;46
2011;13121300303;8;Subsecção;94
2011;13121300304;8;Subsecção;11
2011;13121300305;8;Subsecção;85
2011;13121300306;8;Subsecção;155
2011;13121300307;8;Subsecção;14
2011;13121300308;8;Subsecção;44
2011;13121300309;8;Subsecção;40
2011;13121300401;8;Subsecção;52
2011;13121300402;8;Subsecção;147
2011;13121300403;8;Subsecção;0
2011;13121300404;8;Subsecção;57
2011;13121300405;8;Subsecção;18
2011;13121300406;8;Subsecção;35
2011;13121300407;8;Subsecção;24
2011;13121300408;8;Subsecção;12
2011;13121300409;8;Subsecção;18
2011;13121300410;8;Subsecção;42
2011;13121300411;8;Subsecção;42
2011;13121400101;8;Subsecção;5
2011;13121400102;8;Subsecção;160
2011;13121400103;8;Subsecção;46
2011;13121400104;8;Subsecção;13
2011;13121400105;8;Subsecção;87
2011;13121400106;8;Subsecção;5
2011;13121400107;8;Subsecção;1
2011;13121400108;8;Subsecção;37
2011;13121400201;8;Subsecção;62
2011;13121400202;8;Subsecção;33
2011;13121400203;8;Subsecção;12
2011;13121400204;8;Subsecção;204
2011;13121400205;8;Subsecção;56
2011;13121400301;8;Subsecção;142
2011;13121400302;8;Subsecção;127
2011;13121400303;8;Subsecção;33
2011;13121400304;8;Subsecção;88
2011;13121400401;8;Subsecção;0
2011;13121400402;8;Subsecção;69
2011;13121400403;8;Subsecção;56
2011;13121400404;8;Subsecção;173
2011;13121400405;8;Subsecção;39
2011;13121400501;8;Subsecção;36
2011;13121400502;8;Subsecção;183
2011;13121400503;8;Subsecção;0
2011;13121400504;8;Subsecção;154
2011;13121400505;8;Subsecção;23
2011;13121400506;8;Subsecção;130
2011;13121400507;8;Subsecção;0
2011;13121400601;8;Subsecção;143
2011;13121400602;8;Subsecção;15
2011;13121400603;8;Subsecção;40
2011;13121400604;8;Subsecção;54
2011;13121400701;8;Subsecção;34
2011;13121400702;8;Subsecção;30
2011;13121400703;8;Subsecção;21
2011;13121400704;8;Subsecção;24
2011;13121400705;8;Subsecção;3
2011;13121400706;8;Subsecção;20
2011;13121400707;8;Subsecção;217
2011;13121400708;8;Subsecção;42
2011;13121400709;8;Subsecção;149
2011;13121400801;8;Subsecção;74
2011;13121400802;8;Subsecção;126
2011;13121400803;8;Subsecção;10
2011;13121400804;8;Subsecção;123
2011;13121400805;8;Subsecção;10
2011;13121400806;8;Subsecção;9
2011;13121400807;8;Subsecção;0
2011;13121400808;8;Subsecção;38
2011;13121400901;8;Subsecção;97
2011;13121400902;8;Subsecção;207
2011;13121400903;8;Subsecção;0
2011;13121500101;8;Subsecção;63
2011;13121500102;8;Subsecção;99
2011;13121500103;8;Subsecção;23
2011;13121500104;8;Subsecção;31
2011;13121500105;8;Subsecção;65
2011;13121500106;8;Subsecção;64
2011;13121500107;8;Subsecção;0
2011;13121500108;8;Subsecção;37
2011;13121500201;8;Subsecção;50
2011;13121500202;8;Subsecção;14
2011;13121500203;8;Subsecção;8
2011;13121500204;8;Subsecção;8
2011;13121500205;8;Subsecção;0
2011;13121500206;8;Subsecção;2
2011;13121500207;8;Subsecção;65
2011;13121500208;8;Subsecção;0
2011;13121500209;8;Subsecção;0
2011;13121500210;8;Subsecção;102
2011;13121500301;8;Subsecção;58
2011;13121500302;8;Subsecção;0
2011;13121500303;8;Subsecção;0
2011;13121500304;8;Subsecção;131
2011;13121500305;8;Subsecção;268
2011;13121500401;8;Subsecção;10
2011;13121500402;8;Subsecção;21
2011;13121500403;8;Subsecção;41
2011;13121500404;8;Subsecção;87
2011;13121500405;8;Subsecção;98
2011;13121500406;8;Subsecção;67
2011;13121500501;8;Subsecção;197
2011;13121500502;8;Subsecção;83
2011;13121500503;8;Subsecção;6
2011;13121500504;8;Subsecção;103
2011;13121500505;8;Subsecção;100
