<?xml version="1.0" encoding="UTF-8"?>
<gmd:MD_Metadata xmlns:gco="http://www.isotc211.org/2005/gco"
  xmlns:gmd="http://www.isotc211.org/2005/gmd"
  xmlns:gml="http://www.opengis.net/gml"
  xmlns:xlink="http://www.w3.org/1999/xlink"
  xmlns:xs="http://www.w3.org/2001/XMLSchema"
  xmlns:xsi="http://www.w3.org/2001/XMLSchema-instance" xsi:schemaLocation="http://www.isotc211.org/2005/gmd http://www.isotc211.org/2005/gmd/gmd.xsd">
  <gmd:fileIdentifier>
    <gco:CharacterString>daacb8b4a9334513a1a4976193bb56ef</gco:CharacterString>
  </gmd:fileIdentifier>
  <gmd:language>
    <gmd:LanguageCode codeList="#LanguageCode" codeListValue="por">Português</gmd:LanguageCode>
  </gmd:language>
  <gmd:hierarchyLevel>
    <gmd:MD_ScopeCode codeList="#MD_ScopeCode" codeListValue="dataset">Conjunto de Dados Geográficos</gmd:MD_ScopeCode>
  </gmd:hierarchyLevel>
  <gmd:contact>
    <gmd:CI_ResponsibleParty>
      <gmd:individualName>
        <gco:CharacterString>Ana Santos</gco:CharacterString>
      </gmd:individualName>
      <gmd:organisationName>
        <gco:CharacterString>Instituto Nacional de Estatística</gco:CharacterString>
      </gmd:organisationName>
      <gmd:contactInfo>
        <gmd:CI_Contact>
          <gmd:phone>
            <gmd:CI_Telephone>
              <gmd:voice>
                <gco:CharacterString>351218426244</gco:CharacterString>
              </gmd:voice>
              <gmd:facsimile>
                <gco:CharacterString>351218426380</gco:CharacterString>
              </gmd:facsimile>
            </gmd:CI_Telephone>
          </gmd:phone>
          <gmd:address>
            <gmd:CI_Address>
              <gmd:deliveryPoint>
                <gco:CharacterString>Avenida António José de Almeida</gco:CharacterString>
              </gmd:deliveryPoint>
              <gmd:city>
                <gco:CharacterString>Lisboa</gco:CharacterString>
              </gmd:city>
              <gmd:postalCode>
                <gco:CharacterString>1000-043 LISBOA</gco:CharacterString>
              </gmd:postalCode>
              <gmd:country>
                <gco:CharacterString>Portugal</gco:CharacterString>
              </gmd:country>
              <gmd:electronicMailAddress>
                <gco:CharacterString>ana.msantos@ine.pt</gco:CharacterString>
              </gmd:electronicMailAddress>
            </gmd:CI_Address>
          </gmd:address>
        </gmd:CI_Contact>
      </gmd:contactInfo>
      <gmd:role>
        <gmd:CI_RoleCode codeList="#CI_RoleCode" codeListValue="pointOfContact">Contacto</gmd:CI_RoleCode>
      </gmd:role>
    </gmd:CI_ResponsibleParty>
  </gmd:contact>
  <gmd:dateStamp>
    <gco:Date>2011-09-06</gco:Date>
  </gmd:dateStamp>
  <gmd:metadataStandardName>
    <gco:CharacterString>ISO 19115 Perfil MIG</gco:CharacterString>
  </gmd:metadataStandardName>
  <gmd:locale>
    <gmd:PT_Locale id="locale-en">
      <gmd:languageCode>
        <gmd:LanguageCode codeList="#LanguageCode" codeListValue="eng">English</gmd:LanguageCode>
      </gmd:languageCode>
      <gmd:characterEncoding>
        <gmd:MD_CharacterSetCode codeList="#MD_CharacterSetCode" codeListValue="utf8">utf8</gmd:MD_CharacterSetCode>
      </gmd:characterEncoding>
    </gmd:PT_Locale>
  </gmd:locale>
  <gmd:referenceSystemInfo>
    <gmd:MD_ReferenceSystem>
      <gmd:referenceSystemIdentifier>
        <gmd:RS_Identifier>
          <gmd:code>
            <gco:CharacterString>5015</gco:CharacterString>
          </gmd:code>
          <gmd:codeSpace>
            <gco:CharacterString>EPSG</gco:CharacterString>
          </gmd:codeSpace>
        </gmd:RS_Identifier>
      </gmd:referenceSystemIdentifier>
    </gmd:MD_ReferenceSystem>
  </gmd:referenceSystemInfo>
  <gmd:referenceSystemInfo>
    <gmd:MD_ReferenceSystem>
      <gmd:referenceSystemIdentifier>
        <gmd:RS_Identifier>
          <gmd:code>
            <gco:CharacterString>5014</gco:CharacterString>
          </gmd:code>
          <gmd:codeSpace>
            <gco:CharacterString>EPSG</gco:CharacterString>
          </gmd:codeSpace>
        </gmd:RS_Identifier>
      </gmd:referenceSystemIdentifier>
    </gmd:MD_ReferenceSystem>
  </gmd:referenceSystemInfo>
  <gmd:referenceSystemInfo>
    <gmd:MD_ReferenceSystem>
      <gmd:referenceSystemIdentifier>
        <gmd:RS_Identifier>
          <gmd:code>
            <gco:CharacterString>5016</gco:CharacterString>
          </gmd:code>
          <gmd:codeSpace>
            <gco:CharacterString>EPSG</gco:CharacterString>
          </gmd:codeSpace>
        </gmd:RS_Identifier>
      </gmd:referenceSystemIdentifier>
    </gmd:MD_ReferenceSystem>
  </gmd:referenceSystemInfo>
  <gmd:referenceSystemInfo>
    <gmd:MD_ReferenceSystem>
      <gmd:referenceSystemIdentifier>
        <gmd:RS_Identifier>
          <gmd:code>
            <gco:CharacterString>3763</gco:CharacterString>
          </gmd:code>
          <gmd:codeSpace>
            <gco:CharacterString>EPSG</gco:CharacterString>
          </gmd:codeSpace>
        </gmd:RS_Identifier>
      </gmd:referenceSystemIdentifier>
    </gmd:MD_ReferenceSystem>
  </gmd:referenceSystemInfo>
  <gmd:identificationInfo>
    <gmd:MD_DataIdentification id="mapas.ine.pt">
      <gmd:citation>
        <gmd:CI_Citation>
          <gmd:title>
            <gco:CharacterString>Base Geográfica de Referenciação da Informação 2011</gco:CharacterString>
          </gmd:title>
          <gmd:alternateTitle>
            <gco:CharacterString>BGRI 2011</gco:CharacterString>
          </gmd:alternateTitle>
          <gmd:date>
            <gmd:CI_Date>
              <gmd:date>
                <gco:Date>2011-07-31</gco:Date>
              </gmd:date>
              <gmd:dateType>
                <gmd:CI_DateTypeCode codeList="#CI_DateTypeCode" codeListValue="publication">Publicação</gmd:CI_DateTypeCode>
              </gmd:dateType>
            </gmd:CI_Date>
          </gmd:date>
          <gmd:edition>
            <gco:CharacterString/>
          </gmd:edition>
          <gmd:editionDate>
            <gco:Date>2011-07-31</gco:Date>
          </gmd:editionDate>
          <gmd:identifier>
            <gmd:MD_Identifier>
              <gmd:code>
                <gco:CharacterString>mapas.ine.pt</gco:CharacterString>
              </gmd:code>
            </gmd:MD_Identifier>
          </gmd:identifier>
          <gmd:citedResponsibleParty>
            <gmd:CI_ResponsibleParty>
              <gmd:individualName>
                <gco:CharacterString>Ana Santos</gco:CharacterString>
              </gmd:individualName>
              <gmd:organisationName>
                <gco:CharacterString>Instituto Nacional de Estatística</gco:CharacterString>
              </gmd:organisationName>
              <gmd:contactInfo>
                <gmd:CI_Contact>
                  <gmd:phone>
                    <gmd:CI_Telephone>
                      <gmd:voice>
                        <gco:CharacterString>351218426244</gco:CharacterString>
                      </gmd:voice>
                      <gmd:facsimile>
                        <gco:CharacterString>351218426380</gco:CharacterString>
                      </gmd:facsimile>
                    </gmd:CI_Telephone>
                  </gmd:phone>
                  <gmd:address>
                    <gmd:CI_Address>
                      <gmd:deliveryPoint>
                        <gco:CharacterString>Avenida António José de Almeida</gco:CharacterString>
                      </gmd:deliveryPoint>
                      <gmd:city>
                        <gco:CharacterString>Lisboa</gco:CharacterString>
                      </gmd:city>
                      <gmd:postalCode>
                        <gco:CharacterString>1000-043 LISBOA</gco:CharacterString>
                      </gmd:postalCode>
                      <gmd:country>
                        <gco:CharacterString>Portugal</gco:CharacterString>
                      </gmd:country>
                      <gmd:electronicMailAddress>
                        <gco:CharacterString>ana.msantos@ine.pt</gco:CharacterString>
                      </gmd:electronicMailAddress>
                    </gmd:CI_Address>
                  </gmd:address>
                </gmd:CI_Contact>
              </gmd:contactInfo>
              <gmd:role>
                <gmd:CI_RoleCode codeList="#CI_RoleCode" codeListValue="pointOfContact">Contacto</gmd:CI_RoleCode>
              </gmd:role>
            </gmd:CI_ResponsibleParty>
          </gmd:citedResponsibleParty>
          <gmd:series>
            <gmd:CI_Series>
              <gmd:name>
                <gco:CharacterString/>
              </gmd:name>
            </gmd:CI_Series>
          </gmd:series>
        </gmd:CI_Citation>
      </gmd:citation>
      <gmd:abstract>
        <gco:CharacterString>Base Geográfica de Referênciação de Informação.
Sistema de referenciação geográfica suportado em informação cartográfica ou ortofotocartográfica em formato digital, para todo o território nacional. Permite a divisão de cada unidade administrativa de base, a freguesia, em pequenas áreas estatísticas - secções e subsecções estatísticas.</gco:CharacterString>
      </gmd:abstract>
      <gmd:purpose>
        <gco:CharacterString>XV Recenseamento Geral da População.
V Recenseamento Geral da Habitação.
Censos 2011</gco:CharacterString>
      </gmd:purpose>
      <gmd:pointOfContact>
        <gmd:CI_ResponsibleParty>
          <gmd:individualName>
            <gco:CharacterString>Ana Santos</gco:CharacterString>
          </gmd:individualName>
          <gmd:organisationName>
            <gco:CharacterString>Instituto Nacional de Estatística</gco:CharacterString>
          </gmd:organisationName>
          <gmd:contactInfo>
            <gmd:CI_Contact>
              <gmd:phone>
                <gmd:CI_Telephone>
                  <gmd:voice>
                    <gco:CharacterString>351218426244</gco:CharacterString>
                  </gmd:voice>
                  <gmd:facsimile>
                    <gco:CharacterString>351218426380</gco:CharacterString>
                  </gmd:facsimile>
                </gmd:CI_Telephone>
              </gmd:phone>
              <gmd:address>
                <gmd:CI_Address>
                  <gmd:deliveryPoint>
                    <gco:CharacterString>Avenida António José de Almeida</gco:CharacterString>
                  </gmd:deliveryPoint>
                  <gmd:city>
                    <gco:CharacterString>Lisboa</gco:CharacterString>
                  </gmd:city>
                  <gmd:postalCode>
                    <gco:CharacterString>1000-043 LISBOA</gco:CharacterString>
                  </gmd:postalCode>
                  <gmd:country>
                    <gco:CharacterString>Portugal</gco:CharacterString>
                  </gmd:country>
                  <gmd:electronicMailAddress>
                    <gco:CharacterString>ana.msantos@ine.pt</gco:CharacterString>
                  </gmd:electronicMailAddress>
                </gmd:CI_Address>
              </gmd:address>
            </gmd:CI_Contact>
          </gmd:contactInfo>
          <gmd:role>
            <gmd:CI_RoleCode codeList="#CI_RoleCode" codeListValue="pointOfContact">Contacto</gmd:CI_RoleCode>
          </gmd:role>
        </gmd:CI_ResponsibleParty>
      </gmd:pointOfContact>
      <gmd:resourceMaintenance>
        <gmd:MD_MaintenanceInformation>
          <gmd:maintenanceAndUpdateFrequency>
            <gmd:MD_MaintenanceFrequencyCode
              codeList="#MD_MaintenanceFrequencyCode" codeListValue="asNeeded">Conforme Necessário</gmd:MD_MaintenanceFrequencyCode>
          </gmd:maintenanceAndUpdateFrequency>
        </gmd:MD_MaintenanceInformation>
      </gmd:resourceMaintenance>
      <gmd:descriptiveKeywords>
        <gmd:MD_Keywords>
          <gmd:keyword>
            <gco:CharacterString> unidades estatísticas</gco:CharacterString>
          </gmd:keyword>
          <gmd:thesaurusName>
            <gmd:CI_Citation>
              <gmd:title>
                <gco:CharacterString>GEMET - INSPIRE themes, version 1.0</gco:CharacterString>
              </gmd:title>
              <gmd:alternateTitle>
                <gco:CharacterString/>
              </gmd:alternateTitle>
              <gmd:date>
                <gmd:CI_Date>
                  <gmd:date>
                    <gco:Date>2011-07-31</gco:Date>
                  </gmd:date>
                  <gmd:dateType>
                    <gmd:CI_DateTypeCode codeList="#CI_DateTypeCode" codeListValue="publication">Publicação</gmd:CI_DateTypeCode>
                  </gmd:dateType>
                </gmd:CI_Date>
              </gmd:date>
              <gmd:date>
                <gmd:CI_Date>
                  <gmd:date>
                    <gco:Date>2010-12-31</gco:Date>
                  </gmd:date>
                  <gmd:dateType>
                    <gmd:CI_DateTypeCode codeList="#CI_DateTypeCode" codeListValue="creation">Criação</gmd:CI_DateTypeCode>
                  </gmd:dateType>
                </gmd:CI_Date>
              </gmd:date>
              <gmd:edition>
                <gco:CharacterString/>
              </gmd:edition>
              <gmd:editionDate>
                <gco:Date>2011-09-06</gco:Date>
              </gmd:editionDate>
              <gmd:identifier>
                <gmd:MD_Identifier>
                  <gmd:code>
                    <gco:CharacterString>GEMET</gco:CharacterString>
                  </gmd:code>
                </gmd:MD_Identifier>
              </gmd:identifier>
              <gmd:series>
                <gmd:CI_Series>
                  <gmd:name>
                    <gco:CharacterString/>
                  </gmd:name>
                </gmd:CI_Series>
              </gmd:series>
            </gmd:CI_Citation>
          </gmd:thesaurusName>
        </gmd:MD_Keywords>
      </gmd:descriptiveKeywords>
      <gmd:resourceConstraints>
        <gmd:MD_LegalConstraints>
          <gmd:useLimitation>
            <gco:CharacterString>Sem restrições</gco:CharacterString>
          </gmd:useLimitation>
          <gmd:accessConstraints>
            <gmd:MD_RestrictionCode codeList="#MD_RestrictionCode" codeListValue="noRestrictions">Sem Restrições</gmd:MD_RestrictionCode>
          </gmd:accessConstraints>
          <gmd:useConstraints>
            <gmd:MD_RestrictionCode codeList="#MD_RestrictionCode" codeListValue="copyright">Direitos de Autor</gmd:MD_RestrictionCode>
          </gmd:useConstraints>
        </gmd:MD_LegalConstraints>
      </gmd:resourceConstraints>
      <gmd:spatialRepresentationType>
        <gmd:MD_SpatialRepresentationTypeCode
          codeList="#MD_SpatialRepresentationTypeCode" codeListValue="vector">Vectorial</gmd:MD_SpatialRepresentationTypeCode>
      </gmd:spatialRepresentationType>
      <gmd:spatialResolution>
        <gmd:MD_Resolution>
          <gmd:equivalentScale>
            <gmd:MD_RepresentativeFraction>
              <gmd:denominator>
                <gco:Integer>10000</gco:Integer>
              </gmd:denominator>
            </gmd:MD_RepresentativeFraction>
          </gmd:equivalentScale>
        </gmd:MD_Resolution>
      </gmd:spatialResolution>
      <gmd:language>
        <gmd:LanguageCode codeList="#LanguageCode" codeListValue="por">Português</gmd:LanguageCode>
      </gmd:language>
      <gmd:topicCategory>
        <gmd:MD_TopicCategoryCode>society</gmd:MD_TopicCategoryCode>
      </gmd:topicCategory>
      <gmd:extent>
        <gmd:EX_Extent>
          <gmd:description>
            <gco:CharacterString>Portugal continental, e Regiões Autónomas da Madeira e Açores</gco:CharacterString>
          </gmd:description>
          <gmd:geographicElement>
            <gmd:EX_GeographicBoundingBox>
              <gmd:extentTypeCode>
                <gco:Boolean>1</gco:Boolean>
              </gmd:extentTypeCode>
              <gmd:westBoundLongitude>
                <gco:Decimal>-6.0</gco:Decimal>
              </gmd:westBoundLongitude>
              <gmd:eastBoundLongitude>
                <gco:Decimal>-39.0</gco:Decimal>
              </gmd:eastBoundLongitude>
              <gmd:southBoundLatitude>
                <gco:Decimal>32.4</gco:Decimal>
              </gmd:southBoundLatitude>
              <gmd:northBoundLatitude>
                <gco:Decimal>42.15</gco:Decimal>
              </gmd:northBoundLatitude>
            </gmd:EX_GeographicBoundingBox>
          </gmd:geographicElement>
        </gmd:EX_Extent>
      </gmd:extent>
    </gmd:MD_DataIdentification>
  </gmd:identificationInfo>
  <gmd:distributionInfo>
    <gmd:MD_Distribution>
      <gmd:distributionFormat>
        <gmd:MD_Format>
          <gmd:name>
            <gco:CharacterString>Esri Shapefile SHP</gco:CharacterString>
          </gmd:name>
          <gmd:version>
            <gco:CharacterString>1.0</gco:CharacterString>
          </gmd:version>
        </gmd:MD_Format>
      </gmd:distributionFormat>
      <gmd:transferOptions>
        <gmd:MD_DigitalTransferOptions>
          <gmd:unitsOfDistribution>
            <gco:CharacterString>mb</gco:CharacterString>
          </gmd:unitsOfDistribution>
          <gmd:transferSize>
            <gco:Real>215.43</gco:Real>
          </gmd:transferSize>
          <gmd:onLine>
            <gmd:CI_OnlineResource>
              <gmd:linkage>
                <gmd:URL>mapas.ine.pt</gmd:URL>
              </gmd:linkage>
              <gmd:function>
                <gmd:CI_OnLineFunctionCode
                  codeList="#CI_OnLineFunctionCode" codeListValue="download">Importação/Download</gmd:CI_OnLineFunctionCode>
              </gmd:function>
            </gmd:CI_OnlineResource>
          </gmd:onLine>
        </gmd:MD_DigitalTransferOptions>
      </gmd:transferOptions>
    </gmd:MD_Distribution>
  </gmd:distributionInfo>
  <gmd:dataQualityInfo>
    <gmd:DQ_DataQuality>
      <gmd:scope>
        <gmd:DQ_Scope>
          <gmd:level>
            <gmd:MD_ScopeCode codeList="#MD_ScopeCode" codeListValue="dataset">Conjunto de Dados Geográficos</gmd:MD_ScopeCode>
          </gmd:level>
          <gmd:levelDescription>
            <gmd:MD_ScopeDescription>
              <gmd:dataset>
                <gco:CharacterString/>
              </gmd:dataset>
            </gmd:MD_ScopeDescription>
          </gmd:levelDescription>
        </gmd:DQ_Scope>
      </gmd:scope>
      <gmd:lineage>
        <gmd:LI_Lineage>
          <gmd:statement>
            <gco:CharacterString>A cartografia é um instrumento de apoio essencial à realização das operações censitárias, contribuindo, em primeira linha, para o planeamento e controlo da execução dos trabalhos, e numa segunda linha, como instrumento de valorização da informação censitária, no âmbito da difusão dos resultados. 

O INE, desde a preparação dos Censos de 1981, tem vindo a apostar na melhoria da base cartográfica censitária, modernizando os suportes e actualizando os respectivos conteúdos, como aconteceu em 2001 com a implementação do suporte digital, essencialmente orientado para apoiar o planeamento e a recolha dos dados.

Para os Censos 2011, a Base Cartográfica dos Censos (BGRI 2011) será aproveitada como um produto de difusão necessário e indissociável da informação censitária.  
Os objectivos previstos para a BGRI 2011 são:

    * Melhoria clara da qualidade
    * Actualização dos limites de secção e subsecção
    * Integração da CAOP (Carta Administrativa Oficial de Portugal)
    * Maior cobertura com referência a eixos de via e toponímia correspondente
    * Georreferênciação de edifícios
    * Potenciar a sua utilização no âmbito da difusão de resultados. 

A BGRI 2011 consiste num Sistema de Informação Geográfica (SIG) constituído por uma base digital com vários “layers” (camadas de informação geográfica), entre os quais o da Carta Administrativa Oficial de Portugal (CAOP, V10), suportados nos ortofomapas do IGP (Instituto Geográfico Português), o que permite gerar um conjunto de suportes cartográficos contendo informação actualizada sobre a delimitação administrativa e estatística; ou seja, a divisão das freguesias em secções estatísticas de recenseamento e estas em subsecções estatísticas identificadoras de lugares ou partes de lugar (nas zonas rurais) e de quarteirões (nas zonas urbanas).

Este sistema de informação geográfica permite construir, a qualquer momento, representações territoriais de nível hierárquico superior por agregação de subsecções.</gco:CharacterString>
          </gmd:statement>
          <gmd:source>
            <gmd:LI_Source>
              <gmd:description>
                <gco:CharacterString>Carta Administrativa Oficial de Portugal  V10 do Instituto Geográfico Português (IGP)</gco:CharacterString>
              </gmd:description>
              <gmd:scaleDenominator>
                <gmd:MD_RepresentativeFraction>
                  <gmd:denominator>
                    <gco:Integer>25000</gco:Integer>
                  </gmd:denominator>
                </gmd:MD_RepresentativeFraction>
              </gmd:scaleDenominator>
            </gmd:LI_Source>
          </gmd:source>
          <gmd:source>
            <gmd:LI_Source>
              <gmd:description>
                <gco:CharacterString>ortofomapas do Instituto Geográfico Português (IGP)</gco:CharacterString>
              </gmd:description>
              <gmd:scaleDenominator>
                <gmd:MD_RepresentativeFraction>
                  <gmd:denominator>
                    <gco:Integer>10000</gco:Integer>
                  </gmd:denominator>
                </gmd:MD_RepresentativeFraction>
              </gmd:scaleDenominator>
            </gmd:LI_Source>
          </gmd:source>
          <gmd:source>
            <gmd:LI_Source>
              <gmd:description>
                <gco:CharacterString>Eixos de via da GeoGlobal</gco:CharacterString>
              </gmd:description>
              <gmd:scaleDenominator>
                <gmd:MD_RepresentativeFraction>
                  <gmd:denominator>
                    <gco:Integer>20000</gco:Integer>
                  </gmd:denominator>
                </gmd:MD_RepresentativeFraction>
              </gmd:scaleDenominator>
            </gmd:LI_Source>
          </gmd:source>
          <gmd:source>
            <gmd:LI_Source>
              <gmd:description>
                <gco:CharacterString>Ortofotomapas da da Direcção Regional de Informação Geográfica e Ordenamento do Território para a Região Autónoma da Madeira (DRIGOT)</gco:CharacterString>
              </gmd:description>
              <gmd:scaleDenominator>
                <gmd:MD_RepresentativeFraction>
                  <gmd:denominator>
                    <gco:Integer>5000</gco:Integer>
                  </gmd:denominator>
                </gmd:MD_RepresentativeFraction>
              </gmd:scaleDenominator>
            </gmd:LI_Source>
          </gmd:source>
          <gmd:source>
            <gmd:LI_Source>
              <gmd:description>
                <gco:CharacterString>Eixos de via da Direcção Regional de Informação Geográfica e Ordenamento do Território para a Região Autónoma da Madeira (DRIGOT)</gco:CharacterString>
              </gmd:description>
              <gmd:scaleDenominator>
                <gmd:MD_RepresentativeFraction>
                  <gmd:denominator>
                    <gco:Integer>0</gco:Integer>
                  </gmd:denominator>
                </gmd:MD_RepresentativeFraction>
              </gmd:scaleDenominator>
            </gmd:LI_Source>
          </gmd:source>
          <gmd:source>
            <gmd:LI_Source>
              <gmd:description>
                <gco:CharacterString>Atributos alfanuméricos dos Eixos de via dos seguintes Municípios:
Espinho
Oliveira de Azeméis
Amares
Celorico de Basto
Guimarães
Vila Nova de Famalicão
Vizela
Freixo de Espada à Cinta
Torre de Moncorvo
Figueira da Foz
Azambuja
Matosinhos
Póvoa de Varzim
Santo Tirso
Vila Nova de Gaia
Trofa
Arcos de Valdevez
Ponte da Barca
Vila Nova de Cerveira
Vila Real
São João da Pesqueira
Santa Cruz
</gco:CharacterString>
              </gmd:description>
              <gmd:scaleDenominator>
                <gmd:MD_RepresentativeFraction>
                  <gmd:denominator>
                    <gco:Integer>0</gco:Integer>
                  </gmd:denominator>
                </gmd:MD_RepresentativeFraction>
              </gmd:scaleDenominator>
            </gmd:LI_Source>
          </gmd:source>
          <gmd:source>
            <gmd:LI_Source>
              <gmd:description>
                <gco:CharacterString>OrtofotoMapas da  Secretaria Regional da Ciência, Tecnologia e Equipamentos (SRCTE)</gco:CharacterString>
              </gmd:description>
              <gmd:scaleDenominator>
                <gmd:MD_RepresentativeFraction>
                  <gmd:denominator>
                    <gco:Integer>5000</gco:Integer>
                  </gmd:denominator>
                </gmd:MD_RepresentativeFraction>
              </gmd:scaleDenominator>
            </gmd:LI_Source>
          </gmd:source>
        </gmd:LI_Lineage>
      </gmd:lineage>
    </gmd:DQ_DataQuality>
  </gmd:dataQualityInfo>
</gmd:MD_Metadata>
